2026-06-05T01:40:06.874+0530 [INFO] [org.gradle.internal.nativeintegration.services.NativeServices] Initialized native services in: /Users/hasanraza/.gradle/native
2026-06-05T01:40:06.898+0530 [INFO] [org.gradle.internal.nativeintegration.services.NativeServices] Initialized jansi services in: /Users/hasanraza/.gradle/native
2026-06-05T01:40:06.915+0530 [LIFECYCLE] [org.gradle.launcher.cli.DebugLoggerWarningAction] 
#############################################################################
   WARNING WARNING WARNING WARNING WARNING WARNING WARNING WARNING WARNING

   Debug level logging will leak security sensitive information!

   For more details, please refer to https://docs.gradle.org/9.3.1/userguide/logging.html#sec:debug_security in the Gradle documentation.
#############################################################################

2026-06-05T01:40:06.972+0530 [DEBUG] [org.gradle.internal.remote.internal.inet.InetAddresses] Adding IP addresses for network interface utun5
2026-06-05T01:40:06.972+0530 [DEBUG] [org.gradle.internal.remote.internal.inet.InetAddresses] Is this a loopback interface? false
2026-06-05T01:40:06.972+0530 [DEBUG] [org.gradle.internal.remote.internal.inet.InetAddresses] Adding remote address /fe80:0:0:0:9798:47ce:1168:e12e%utun5
2026-06-05T01:40:06.972+0530 [DEBUG] [org.gradle.internal.remote.internal.inet.InetAddresses] Adding IP addresses for network interface utun4
2026-06-05T01:40:06.972+0530 [DEBUG] [org.gradle.internal.remote.internal.inet.InetAddresses] Is this a loopback interface? false
2026-06-05T01:40:06.972+0530 [DEBUG] [org.gradle.internal.remote.internal.inet.InetAddresses] Adding remote address /fe80:0:0:0:2dec:a20e:98c8:6b1f%utun4
2026-06-05T01:40:06.972+0530 [DEBUG] [org.gradle.internal.remote.internal.inet.InetAddresses] Adding IP addresses for network interface utun3
2026-06-05T01:40:06.972+0530 [DEBUG] [org.gradle.internal.remote.internal.inet.InetAddresses] Is this a loopback interface? false
2026-06-05T01:40:06.972+0530 [DEBUG] [org.gradle.internal.remote.internal.inet.InetAddresses] Adding remote address /fe80:0:0:0:ce81:b1c:bd2c:69e%utun3
2026-06-05T01:40:06.973+0530 [DEBUG] [org.gradle.internal.remote.internal.inet.InetAddresses] Adding IP addresses for network interface utun2
2026-06-05T01:40:06.973+0530 [DEBUG] [org.gradle.internal.remote.internal.inet.InetAddresses] Is this a loopback interface? false
2026-06-05T01:40:06.973+0530 [DEBUG] [org.gradle.internal.remote.internal.inet.InetAddresses] Adding remote address /fe80:0:0:0:cb4d:b5da:f7d9:f8f8%utun2
2026-06-05T01:40:06.973+0530 [DEBUG] [org.gradle.internal.remote.internal.inet.InetAddresses] Adding IP addresses for network interface llw0
2026-06-05T01:40:06.973+0530 [DEBUG] [org.gradle.internal.remote.internal.inet.InetAddresses] Is this a loopback interface? false
2026-06-05T01:40:06.973+0530 [DEBUG] [org.gradle.internal.remote.internal.inet.InetAddresses] Adding remote address /fe80:0:0:0:826:a7ff:fe72:e9a5%llw0
2026-06-05T01:40:06.973+0530 [DEBUG] [org.gradle.internal.remote.internal.inet.InetAddresses] Adding IP addresses for network interface awdl0
2026-06-05T01:40:06.973+0530 [DEBUG] [org.gradle.internal.remote.internal.inet.InetAddresses] Is this a loopback interface? false
2026-06-05T01:40:06.973+0530 [DEBUG] [org.gradle.internal.remote.internal.inet.InetAddresses] Adding remote address /fe80:0:0:0:826:a7ff:fe72:e9a5%awdl0
2026-06-05T01:40:06.973+0530 [DEBUG] [org.gradle.internal.remote.internal.inet.InetAddresses] Adding IP addresses for network interface utun1
2026-06-05T01:40:06.973+0530 [DEBUG] [org.gradle.internal.remote.internal.inet.InetAddresses] Is this a loopback interface? false
2026-06-05T01:40:06.973+0530 [DEBUG] [org.gradle.internal.remote.internal.inet.InetAddresses] Adding remote address /fe80:0:0:0:867d:7e0a:7446:8499%utun1
2026-06-05T01:40:06.973+0530 [DEBUG] [org.gradle.internal.remote.internal.inet.InetAddresses] Adding IP addresses for network interface utun0
2026-06-05T01:40:06.973+0530 [DEBUG] [org.gradle.internal.remote.internal.inet.InetAddresses] Is this a loopback interface? false
2026-06-05T01:40:06.973+0530 [DEBUG] [org.gradle.internal.remote.internal.inet.InetAddresses] Adding remote address /fe80:0:0:0:26a6:1bef:e31:6553%utun0
2026-06-05T01:40:06.973+0530 [DEBUG] [org.gradle.internal.remote.internal.inet.InetAddresses] Adding IP addresses for network interface en0
2026-06-05T01:40:06.973+0530 [DEBUG] [org.gradle.internal.remote.internal.inet.InetAddresses] Is this a loopback interface? false
2026-06-05T01:40:06.973+0530 [DEBUG] [org.gradle.internal.remote.internal.inet.InetAddresses] Adding remote address /2409:40e5:11bf:607d:40d0:17b9:c811:219b%en0
2026-06-05T01:40:06.973+0530 [DEBUG] [org.gradle.internal.remote.internal.inet.InetAddresses] Adding remote address /2409:40e5:11bf:607d:80f:7c05:bf64:44f5%en0
2026-06-05T01:40:06.973+0530 [DEBUG] [org.gradle.internal.remote.internal.inet.InetAddresses] Adding remote address /fe80:0:0:0:44c:5684:70f:304f%en0
2026-06-05T01:40:06.973+0530 [DEBUG] [org.gradle.internal.remote.internal.inet.InetAddresses] Adding remote address /10.200.1.244
2026-06-05T01:40:06.973+0530 [DEBUG] [org.gradle.internal.remote.internal.inet.InetAddresses] Adding IP addresses for network interface lo0
2026-06-05T01:40:06.973+0530 [DEBUG] [org.gradle.internal.remote.internal.inet.InetAddresses] Is this a loopback interface? true
2026-06-05T01:40:06.973+0530 [DEBUG] [org.gradle.internal.remote.internal.inet.InetAddresses] Ignoring remote address on loopback interface /fe80:0:0:0:0:0:0:1%lo0
2026-06-05T01:40:06.973+0530 [DEBUG] [org.gradle.internal.remote.internal.inet.InetAddresses] Adding loopback address /0:0:0:0:0:0:0:1%lo0
2026-06-05T01:40:06.973+0530 [DEBUG] [org.gradle.internal.remote.internal.inet.InetAddresses] Adding loopback address /127.0.0.1
2026-06-05T01:40:07.010+0530 [DEBUG] [org.gradle.cache.internal.DefaultCacheCoordinator] Creating new cache for metadata, path /Users/hasanraza/.gradle/caches/9.3.1/jvms/metadata.bin, access org.gradle.cache.internal.DefaultCacheCoordinator@3daf7722
2026-06-05T01:40:07.030+0530 [DEBUG] [org.gradle.launcher.daemon.client.DaemonClient] Executing build 95c98fc9-2a08-46c0-9976-4deabfd3e66e in daemon client {pid=83815}
2026-06-05T01:40:07.032+0530 [DEBUG] [org.gradle.cache.internal.DefaultFileLockManager] Waiting to acquire shared lock on daemon addresses registry.
2026-06-05T01:40:07.033+0530 [DEBUG] [org.gradle.cache.internal.DefaultFileLockManager] Lock acquired on daemon addresses registry.
2026-06-05T01:40:07.035+0530 [DEBUG] [org.gradle.cache.internal.DefaultFileLockManager] Releasing lock on daemon addresses registry.
2026-06-05T01:40:07.037+0530 [INFO] [org.gradle.launcher.daemon.client.DefaultDaemonConnector] Found daemon DaemonInfo{pid=48286, address=[f68e8b42-41ee-44e4-802a-aca187518a69 port:54353, addresses:[/127.0.0.1]], state=Idle, lastBusy=1780597513185, context=DefaultDaemonContext[uid=af86c867-360f-4b2b-91b8-af717eb23fc3,javaHome=/opt/homebrew/Cellar/openjdk@17/17.0.19/libexec/openjdk.jdk/Contents/Home,javaVersion=17,javaVendor=Homebrew,daemonRegistryDir=/Users/hasanraza/.gradle/daemon,pid=48286,idleTimeout=10800000,priority=NORMAL,applyInstrumentationAgent=true,nativeServicesMode=ENABLED,daemonOpts=-Xmx4096m,-Dfile.encoding=UTF-8,-Duser.country=US,-Duser.language=en,-Duser.variant]} however its context does not match the desired criteria.
JVM is incompatible.
Wanted: DaemonRequestContext{jvmCriteria=Compatible with Java 21, Oracle, nativeImageCapable=false (from gradle/gradle-daemon-jvm.properties), daemonOpts=[-Xmx8192M, -Dfile.encoding=UTF-8, -Duser.country=US, -Duser.language=en, -Duser.variant], applyInstrumentationAgent=true, nativeServicesMode=ENABLED, priority=NORMAL}
Actual: DefaultDaemonContext[uid=af86c867-360f-4b2b-91b8-af717eb23fc3,javaHome=/opt/homebrew/Cellar/openjdk@17/17.0.19/libexec/openjdk.jdk/Contents/Home,javaVersion=17,javaVendor=Homebrew,daemonRegistryDir=/Users/hasanraza/.gradle/daemon,pid=48286,idleTimeout=10800000,priority=NORMAL,applyInstrumentationAgent=true,nativeServicesMode=ENABLED,daemonOpts=-Xmx4096m,-Dfile.encoding=UTF-8,-Duser.country=US,-Duser.language=en,-Duser.variant]

  Looking for a different daemon...
2026-06-05T01:40:07.037+0530 [INFO] [org.gradle.launcher.daemon.client.DefaultDaemonConnector] Found daemon DaemonInfo{pid=55515, address=[f4746fcd-acae-46f5-972e-2b9b17d1202f port:61916, addresses:[/127.0.0.1]], state=Idle, lastBusy=1780603530477, context=DefaultDaemonContext[uid=00554209-8471-4118-a9fb-91e693608cf4,javaHome=/opt/homebrew/Cellar/openjdk@17/17.0.19/libexec/openjdk.jdk/Contents/Home,javaVersion=17,javaVendor=Homebrew,daemonRegistryDir=/Users/hasanraza/.gradle/daemon,pid=55515,idleTimeout=10800000,priority=NORMAL,applyInstrumentationAgent=true,nativeServicesMode=ENABLED,daemonOpts=-XX:+UseG1GC,-XX:MaxMetaspaceSize=512m,-Xmx4g,-Dfile.encoding=UTF-8,-Duser.country=US,-Duser.language=en,-Duser.variant]} however its context does not match the desired criteria.
JVM is incompatible.
Wanted: DaemonRequestContext{jvmCriteria=Compatible with Java 21, Oracle, nativeImageCapable=false (from gradle/gradle-daemon-jvm.properties), daemonOpts=[-Xmx8192M, -Dfile.encoding=UTF-8, -Duser.country=US, -Duser.language=en, -Duser.variant], applyInstrumentationAgent=true, nativeServicesMode=ENABLED, priority=NORMAL}
Actual: DefaultDaemonContext[uid=00554209-8471-4118-a9fb-91e693608cf4,javaHome=/opt/homebrew/Cellar/openjdk@17/17.0.19/libexec/openjdk.jdk/Contents/Home,javaVersion=17,javaVendor=Homebrew,daemonRegistryDir=/Users/hasanraza/.gradle/daemon,pid=55515,idleTimeout=10800000,priority=NORMAL,applyInstrumentationAgent=true,nativeServicesMode=ENABLED,daemonOpts=-XX:+UseG1GC,-XX:MaxMetaspaceSize=512m,-Xmx4g,-Dfile.encoding=UTF-8,-Duser.country=US,-Duser.language=en,-Duser.variant]

  Looking for a different daemon...
2026-06-05T01:40:07.042+0530 [DEBUG] [org.gradle.internal.remote.internal.inet.TcpOutgoingConnector] Attempting to connect to [5a021aaa-d653-41ae-9074-f8817cda7abb port:59791, addresses:[/127.0.0.1]].
2026-06-05T01:40:07.042+0530 [DEBUG] [org.gradle.internal.remote.internal.inet.TcpOutgoingConnector] Trying to connect to address /127.0.0.1.
2026-06-05T01:40:07.046+0530 [DEBUG] [org.gradle.internal.remote.internal.inet.TcpOutgoingConnector] Connected to address /127.0.0.1:59791.
2026-06-05T01:40:07.056+0530 [DEBUG] [org.gradle.launcher.daemon.client.DaemonClient] Connected to daemon DaemonInfo{pid=33480, address=[5a021aaa-d653-41ae-9074-f8817cda7abb port:59791, addresses:[/127.0.0.1]], state=Idle, lastBusy=1780603713022, context=DefaultDaemonContext[uid=809f2dd4-e369-452d-9afb-d2a13b40be79,javaHome=/Users/hasanraza/.gradle/jdks/oracle_corporation-21-aarch64-os_x.2/jdk-21.0.2.jdk/Contents/Home,javaVersion=21,javaVendor=Oracle Corporation,daemonRegistryDir=/Users/hasanraza/.gradle/daemon,pid=33480,idleTimeout=10800000,priority=NORMAL,applyInstrumentationAgent=true,nativeServicesMode=ENABLED,daemonOpts=-Xmx8192M,-Dfile.encoding=UTF-8,-Duser.country=US,-Duser.language=en,-Duser.variant]}. Dispatching request Build{id=95c98fc9-2a08-46c0-9976-4deabfd3e66e, currentDir=/Users/hasanraza/Desktop/kotatsu/Nyora/nyora-android}.
2026-06-05T01:40:07.056+0530 [DEBUG] [org.gradle.launcher.daemon.client.DaemonClientConnection] thread 1: dispatching class org.gradle.launcher.daemon.protocol.Build
2026-06-05T01:40:07.063+0530 [DEBUG] [org.gradle.launcher.daemon.client.DaemonClient] Received result org.gradle.launcher.daemon.protocol.BuildStarted@53f0a4cb from daemon DaemonInfo{pid=33480, address=[5a021aaa-d653-41ae-9074-f8817cda7abb port:59791, addresses:[/127.0.0.1]], state=Idle, lastBusy=1780603713022, context=DefaultDaemonContext[uid=809f2dd4-e369-452d-9afb-d2a13b40be79,javaHome=/Users/hasanraza/.gradle/jdks/oracle_corporation-21-aarch64-os_x.2/jdk-21.0.2.jdk/Contents/Home,javaVersion=21,javaVendor=Oracle Corporation,daemonRegistryDir=/Users/hasanraza/.gradle/daemon,pid=33480,idleTimeout=10800000,priority=NORMAL,applyInstrumentationAgent=true,nativeServicesMode=ENABLED,daemonOpts=-Xmx8192M,-Dfile.encoding=UTF-8,-Duser.country=US,-Duser.language=en,-Duser.variant]} (build should be starting).
2026-06-05T01:40:07.065+0530 [INFO] [org.gradle.launcher.daemon.server.exec.LogToClient] The client will now receive all logging from the daemon (pid: 33480). The daemon log file: /Users/hasanraza/.gradle/daemon/9.3.1/daemon-33480.out.log
2026-06-05T01:40:07.067+0530 [INFO] [org.gradle.launcher.daemon.server.exec.LogAndCheckHealth] Starting 31st build in daemon [uptime: 1 hrs 40 mins 27.814 secs, performance: 95%, GC rate: 0.00/s, heap usage: 0% of 8 GiB]
2026-06-05T01:40:07.067+0530 [DEBUG] [org.gradle.launcher.daemon.server.exec.ExecuteBuild] The daemon has started executing the build.
2026-06-05T01:40:07.067+0530 [DEBUG] [org.gradle.launcher.daemon.server.exec.ExecuteBuild] Executing build with daemon context: DefaultDaemonContext[uid=809f2dd4-e369-452d-9afb-d2a13b40be79,javaHome=/Users/hasanraza/.gradle/jdks/oracle_corporation-21-aarch64-os_x.2/jdk-21.0.2.jdk/Contents/Home,javaVersion=21,javaVendor=Oracle Corporation,daemonRegistryDir=/Users/hasanraza/.gradle/daemon,pid=33480,idleTimeout=10800000,priority=NORMAL,applyInstrumentationAgent=true,nativeServicesMode=ENABLED,daemonOpts=-Xmx8192M,-Dfile.encoding=UTF-8,-Duser.country=US,-Duser.language=en,-Duser.variant]
2026-06-05T01:40:07.073+0530 [INFO] [org.gradle.internal.work.DefaultWorkerLeaseService] Using 8 worker leases.
2026-06-05T01:40:07.074+0530 [DEBUG] [org.gradle.internal.resources.AbstractTrackedResourceLock] Daemon worker Thread 20: acquired lock on worker lease
2026-06-05T01:40:07.075+0530 [DEBUG] [org.gradle.internal.operations.DefaultBuildOperationRunner] Build operation 'Run build' started
2026-06-05T01:40:07.076+0530 [INFO] [org.gradle.internal.buildtree.BuildTreeModelControllerServices] Operational build model parameters: {requiresToolingModels=false, parallelProjectExecution=true, configureOnDemand=false, configurationCache=true, configurationCacheParallelStore=false, configurationCacheParallelLoad=true, isolatedProjects=false, parallelProjectConfiguration=false, intermediateModelCache=false, parallelToolingApiActions=true, invalidateCoupledProjects=false, modelAsProjectDependency=false, resilientModelBuilding=false}
2026-06-05T01:40:07.087+0530 [DEBUG] [org.gradle.cache.internal.DefaultCacheCoordinator] Creating new cache for fileHashes, path /Users/hasanraza/Desktop/kotatsu/Nyora/nyora-android/.gradle/9.3.1/fileHashes/fileHashes.bin, access org.gradle.cache.internal.DefaultCacheCoordinator@60341f9b
2026-06-05T01:40:07.087+0530 [DEBUG] [org.gradle.cache.internal.LockOnDemandCrossProcessCacheAccess] Acquiring file lock for file hash cache (/Users/hasanraza/Desktop/kotatsu/Nyora/nyora-android/.gradle/9.3.1/fileHashes)
2026-06-05T01:40:07.087+0530 [DEBUG] [org.gradle.cache.internal.DefaultFileLockManager] Waiting to acquire exclusive lock on file hash cache (/Users/hasanraza/Desktop/kotatsu/Nyora/nyora-android/.gradle/9.3.1/fileHashes).
2026-06-05T01:40:07.088+0530 [DEBUG] [org.gradle.cache.internal.DefaultFileLockManager] Lock acquired on file hash cache (/Users/hasanraza/Desktop/kotatsu/Nyora/nyora-android/.gradle/9.3.1/fileHashes).
2026-06-05T01:40:07.088+0530 [DEBUG] [org.gradle.cache.internal.DefaultCacheCoordinator] Creating new cache for resourceHashesCache, path /Users/hasanraza/Desktop/kotatsu/Nyora/nyora-android/.gradle/9.3.1/fileHashes/resourceHashesCache.bin, access org.gradle.cache.internal.DefaultCacheCoordinator@60341f9b
2026-06-05T01:40:07.089+0530 [DEBUG] [org.gradle.cache.internal.DefaultCacheCoordinator] Creating new cache for md5-checksums, path /Users/hasanraza/Desktop/kotatsu/Nyora/nyora-android/.gradle/9.3.1/checksums/md5-checksums.bin, access org.gradle.cache.internal.DefaultCacheCoordinator@100aa040
2026-06-05T01:40:07.089+0530 [DEBUG] [org.gradle.cache.internal.LockOnDemandCrossProcessCacheAccess] Acquiring file lock for checksums cache (/Users/hasanraza/Desktop/kotatsu/Nyora/nyora-android/.gradle/9.3.1/checksums)
2026-06-05T01:40:07.089+0530 [DEBUG] [org.gradle.cache.internal.DefaultFileLockManager] Waiting to acquire exclusive lock on checksums cache (/Users/hasanraza/Desktop/kotatsu/Nyora/nyora-android/.gradle/9.3.1/checksums).
2026-06-05T01:40:07.090+0530 [DEBUG] [org.gradle.cache.internal.DefaultFileLockManager] Lock acquired on checksums cache (/Users/hasanraza/Desktop/kotatsu/Nyora/nyora-android/.gradle/9.3.1/checksums).
2026-06-05T01:40:07.090+0530 [DEBUG] [org.gradle.cache.internal.DefaultCacheCoordinator] Creating new cache for sha1-checksums, path /Users/hasanraza/Desktop/kotatsu/Nyora/nyora-android/.gradle/9.3.1/checksums/sha1-checksums.bin, access org.gradle.cache.internal.DefaultCacheCoordinator@100aa040
2026-06-05T01:40:07.090+0530 [DEBUG] [org.gradle.cache.internal.DefaultCacheCoordinator] Creating new cache for sha256-checksums, path /Users/hasanraza/Desktop/kotatsu/Nyora/nyora-android/.gradle/9.3.1/checksums/sha256-checksums.bin, access org.gradle.cache.internal.DefaultCacheCoordinator@100aa040
2026-06-05T01:40:07.090+0530 [DEBUG] [org.gradle.cache.internal.DefaultCacheCoordinator] Creating new cache for sha512-checksums, path /Users/hasanraza/Desktop/kotatsu/Nyora/nyora-android/.gradle/9.3.1/checksums/sha512-checksums.bin, access org.gradle.cache.internal.DefaultCacheCoordinator@100aa040
2026-06-05T01:40:07.095+0530 [DEBUG] [org.gradle.cache.internal.DefaultCacheCoordinator] Creating new cache for outputFiles, path /Users/hasanraza/Desktop/kotatsu/Nyora/nyora-android/.gradle/buildOutputCleanup/outputFiles.bin, access org.gradle.cache.internal.DefaultCacheCoordinator@29c7af25
2026-06-05T01:40:07.095+0530 [DEBUG] [org.gradle.cache.internal.LockOnDemandCrossProcessCacheAccess] Acquiring file lock for Build Output Cleanup Cache (/Users/hasanraza/Desktop/kotatsu/Nyora/nyora-android/.gradle/buildOutputCleanup)
2026-06-05T01:40:07.095+0530 [DEBUG] [org.gradle.cache.internal.DefaultFileLockManager] Waiting to acquire exclusive lock on Build Output Cleanup Cache (/Users/hasanraza/Desktop/kotatsu/Nyora/nyora-android/.gradle/buildOutputCleanup).
2026-06-05T01:40:07.096+0530 [DEBUG] [org.gradle.cache.internal.DefaultFileLockManager] Lock acquired on Build Output Cleanup Cache (/Users/hasanraza/Desktop/kotatsu/Nyora/nyora-android/.gradle/buildOutputCleanup).
2026-06-05T01:40:07.099+0530 [DEBUG] [org.gradle.internal.operations.DefaultBuildOperationRunner] Build operation 'Check configuration cache fingerprint' started
2026-06-05T01:40:07.099+0530 [INFO] [org.gradle.internal.encryption.EncryptionService] Encryption key source: default Gradle keystore (pkcs12)
2026-06-05T01:40:07.100+0530 [DEBUG] [org.gradle.cache.internal.DefaultFileLockManager] Waiting to acquire shared lock on Gradle Configuration Cache keystore (/Users/hasanraza/.gradle/caches/9.3.1/cc-keystore).
2026-06-05T01:40:07.100+0530 [DEBUG] [org.gradle.cache.internal.DefaultFileLockManager] Lock acquired on Gradle Configuration Cache keystore (/Users/hasanraza/.gradle/caches/9.3.1/cc-keystore).
2026-06-05T01:40:07.100+0530 [DEBUG] [org.gradle.internal.encryption.EncryptionService] Loading keystore from /Users/hasanraza/.gradle/caches/9.3.1/cc-keystore/gradle.keystore
2026-06-05T01:40:07.104+0530 [DEBUG] [org.gradle.internal.encryption.EncryptionService] Retrieved key
2026-06-05T01:40:07.104+0530 [DEBUG] [org.gradle.cache.internal.DefaultFileLockManager] Releasing lock on Gradle Configuration Cache keystore (/Users/hasanraza/.gradle/caches/9.3.1/cc-keystore).
2026-06-05T01:40:07.105+0530 [DEBUG] [org.gradle.cache.internal.LockOnDemandCrossProcessCacheAccess] Acquiring file lock for Configuration Cache (/Users/hasanraza/Desktop/kotatsu/Nyora/nyora-android/.gradle/configuration-cache)
2026-06-05T01:40:07.105+0530 [DEBUG] [org.gradle.cache.internal.DefaultFileLockManager] Waiting to acquire exclusive lock on Configuration Cache (/Users/hasanraza/Desktop/kotatsu/Nyora/nyora-android/.gradle/configuration-cache).
2026-06-05T01:40:07.105+0530 [DEBUG] [org.gradle.cache.internal.DefaultFileLockManager] Lock acquired on Configuration Cache (/Users/hasanraza/Desktop/kotatsu/Nyora/nyora-android/.gradle/configuration-cache).
2026-06-05T01:40:07.116+0530 [INFO] [org.gradle.internal.watch.registry.impl.WatchableHierarchies] Now considering [/Users/hasanraza/Desktop/kotatsu/Nyora/nyora-android] as hierarchies to watch
2026-06-05T01:40:07.139+0530 [DEBUG] [org.gradle.initialization.properties.DefaultGradlePropertiesLoader] Found env project properties: []
2026-06-05T01:40:07.139+0530 [DEBUG] [org.gradle.initialization.properties.DefaultGradlePropertiesLoader] Found system project properties: []
2026-06-05T01:40:07.175+0530 [DEBUG] [org.gradle.internal.operations.DefaultBuildOperationRunner] Completing Build operation 'Check configuration cache fingerprint'
2026-06-05T01:40:07.175+0530 [DEBUG] [org.gradle.internal.operations.DefaultBuildOperationRunner] Build operation 'Check configuration cache fingerprint' completed
2026-06-05T01:40:07.175+0530 [LIFECYCLE] [org.gradle.configurationcache] Reusing configuration cache.
2026-06-05T01:40:07.175+0530 [INFO] [org.gradle.internal.watch.registry.impl.WatchableHierarchies] Now considering [/Users/hasanraza/Desktop/kotatsu/Nyora/nyora-android] as hierarchies to watch
2026-06-05T01:40:07.178+0530 [INFO] [org.gradle.tooling.internal.provider.FileSystemWatchingBuildActionRunner] Watching the file system is configured to be enabled if available
2026-06-05T01:40:07.178+0530 [DEBUG] [org.gradle.tooling.internal.provider.FileSystemWatchingBuildActionRunner] Watching the file system computed to be enabled if available
2026-06-05T01:40:07.178+0530 [DEBUG] [org.gradle.internal.operations.DefaultBuildOperationRunner] Build operation 'Build started for file system watching' started
2026-06-05T01:40:07.179+0530 [DEBUG] [org.gradle.internal.watch.vfs.impl.DefaultWatchableFileSystemDetector] Detected apfs: / from /dev/disk3s1s1 (remote: false)
2026-06-05T01:40:07.179+0530 [DEBUG] [org.gradle.internal.watch.vfs.impl.DefaultWatchableFileSystemDetector] Detected devfs: /dev from devfs (remote: false)
2026-06-05T01:40:07.179+0530 [DEBUG] [org.gradle.internal.watch.vfs.impl.DefaultWatchableFileSystemDetector] Detected apfs: /System/Volumes/VM from /dev/disk3s6 (remote: false)
2026-06-05T01:40:07.179+0530 [DEBUG] [org.gradle.internal.watch.vfs.impl.DefaultWatchableFileSystemDetector] Detected apfs: /System/Volumes/Preboot from /dev/disk3s2 (remote: false)
2026-06-05T01:40:07.179+0530 [DEBUG] [org.gradle.internal.watch.vfs.impl.DefaultWatchableFileSystemDetector] Detected apfs: /System/Volumes/Update from /dev/disk3s4 (remote: false)
2026-06-05T01:40:07.179+0530 [DEBUG] [org.gradle.internal.watch.vfs.impl.DefaultWatchableFileSystemDetector] Detected apfs: /System/Volumes/xarts from /dev/disk1s2 (remote: false)
2026-06-05T01:40:07.179+0530 [DEBUG] [org.gradle.internal.watch.vfs.impl.DefaultWatchableFileSystemDetector] Detected apfs: /System/Volumes/iSCPreboot from /dev/disk1s1 (remote: false)
2026-06-05T01:40:07.179+0530 [DEBUG] [org.gradle.internal.watch.vfs.impl.DefaultWatchableFileSystemDetector] Detected apfs: /System/Volumes/Hardware from /dev/disk1s3 (remote: false)
2026-06-05T01:40:07.179+0530 [DEBUG] [org.gradle.internal.watch.vfs.impl.DefaultWatchableFileSystemDetector] Detected apfs: /System/Volumes/Data from /dev/disk3s5 (remote: false)
2026-06-05T01:40:07.179+0530 [DEBUG] [org.gradle.internal.watch.vfs.impl.DefaultWatchableFileSystemDetector] Detected autofs: /System/Volumes/Data/home from map auto_home (remote: true)
2026-06-05T01:40:07.179+0530 [DEBUG] [org.gradle.internal.watch.vfs.impl.DefaultWatchableFileSystemDetector] Detected apfs: /Library/Developer/CoreSimulator/Volumes/iOS_23F77 from /dev/disk5s1 (remote: false)
2026-06-05T01:40:07.179+0530 [DEBUG] [org.gradle.internal.watch.vfs.impl.DefaultWatchableFileSystemDetector] Detected apfs: /System/Volumes/Update/SFR/mnt1 from /dev/disk2s1 (remote: false)
2026-06-05T01:40:07.179+0530 [DEBUG] [org.gradle.internal.watch.vfs.impl.DefaultWatchableFileSystemDetector] Detected apfs: /private/var/run/com.apple.security.cryptexd/mnt/com.apple.MobileAsset.MetalToolchain-v17.6.42.0.oYsuSb from /dev/disk7s1 (remote: false)
2026-06-05T01:40:07.185+0530 [DEBUG] [org.gradle.internal.operations.DefaultBuildOperationRunner] Completing Build operation 'Build started for file system watching'
2026-06-05T01:40:07.185+0530 [DEBUG] [org.gradle.internal.operations.DefaultBuildOperationRunner] Build operation 'Build started for file system watching' completed
2026-06-05T01:40:07.185+0530 [INFO] [org.gradle.tooling.internal.provider.FileSystemWatchingBuildActionRunner] File system watching is active
2026-06-05T01:40:07.185+0530 [DEBUG] [org.gradle.internal.operations.DefaultBuildOperationRunner] Build operation 'Load configuration cache state' started
2026-06-05T01:40:07.188+0530 [DEBUG] [org.gradle.cache.internal.DefaultCacheCoordinator] Creating new cache for workingDirs, path /Users/hasanraza/Desktop/kotatsu/Nyora/nyora-android/.gradle/9.3.1/vcsMetadata/workingDirs.bin, access org.gradle.cache.internal.DefaultCacheCoordinator@66a6999f
2026-06-05T01:40:07.190+0530 [DEBUG] [org.gradle.internal.locking.LockFileReaderWriter] Lockfiles root: /Users/hasanraza/Desktop/kotatsu/Nyora/nyora-android/gradle/dependency-locks
2026-06-05T01:40:07.190+0530 [DEBUG] [org.gradle.api.internal.artifacts.mvnsettings.DefaultLocalMavenRepositoryLocator] No local repository in Settings file defined. Using default path: /Users/hasanraza/.m2/repository
2026-06-05T01:40:07.205+0530 [DEBUG] [org.gradle.cache.internal.DefaultCacheCoordinator] Creating new cache for md-supplier, path /Users/hasanraza/.gradle/caches/9.3.1/md-supplier/md-supplier.bin, access org.gradle.cache.internal.DefaultCacheCoordinator@42605e5f
2026-06-05T01:40:07.206+0530 [DEBUG] [org.gradle.cache.internal.LockOnDemandCrossProcessCacheAccess] Acquiring file lock for cache directory md-supplier (/Users/hasanraza/.gradle/caches/9.3.1/md-supplier)
2026-06-05T01:40:07.206+0530 [DEBUG] [org.gradle.cache.internal.DefaultFileLockManager] Waiting to acquire exclusive lock on cache directory md-supplier (/Users/hasanraza/.gradle/caches/9.3.1/md-supplier).
2026-06-05T01:40:07.207+0530 [DEBUG] [org.gradle.cache.internal.DefaultFileLockManager] Lock acquired on cache directory md-supplier (/Users/hasanraza/.gradle/caches/9.3.1/md-supplier).
2026-06-05T01:40:07.207+0530 [DEBUG] [org.gradle.cache.internal.DefaultCacheCoordinator] Creating new cache for md-rule, path /Users/hasanraza/.gradle/caches/9.3.1/md-rule/md-rule.bin, access org.gradle.cache.internal.DefaultCacheCoordinator@127a2c39
2026-06-05T01:40:07.207+0530 [DEBUG] [org.gradle.cache.internal.LockOnDemandCrossProcessCacheAccess] Acquiring file lock for cache directory md-rule (/Users/hasanraza/.gradle/caches/9.3.1/md-rule)
2026-06-05T01:40:07.207+0530 [DEBUG] [org.gradle.cache.internal.DefaultFileLockManager] Waiting to acquire exclusive lock on cache directory md-rule (/Users/hasanraza/.gradle/caches/9.3.1/md-rule).
2026-06-05T01:40:07.208+0530 [DEBUG] [org.gradle.cache.internal.DefaultFileLockManager] Lock acquired on cache directory md-rule (/Users/hasanraza/.gradle/caches/9.3.1/md-rule).
2026-06-05T01:40:07.210+0530 [DEBUG] [org.gradle.caching.configuration.internal.DefaultBuildCacheConfiguration] Found class org.gradle.caching.local.internal.DirectoryBuildCacheServiceFactory registered for class org.gradle.caching.local.DirectoryBuildCache
2026-06-05T01:40:07.210+0530 [DEBUG] [org.gradle.internal.operations.DefaultBuildOperationRunner] Build operation 'Finalize build cache configuration' started
2026-06-05T01:40:07.210+0530 [DEBUG] [org.gradle.caching.configuration.internal.DefaultBuildCacheConfiguration] Found class org.gradle.caching.local.internal.DirectoryBuildCacheServiceFactory registered for class org.gradle.caching.local.DirectoryBuildCache
2026-06-05T01:40:07.211+0530 [INFO] [org.gradle.caching.internal.services.AbstractBuildCacheControllerFactory] Using local directory build cache for the root build (location = /Users/hasanraza/.gradle/caches/build-cache-1, remove unused entries = after 7 days).
2026-06-05T01:40:07.211+0530 [DEBUG] [org.gradle.internal.operations.DefaultBuildOperationRunner] Completing Build operation 'Finalize build cache configuration'
2026-06-05T01:40:07.211+0530 [DEBUG] [org.gradle.internal.operations.DefaultBuildOperationRunner] Build operation 'Finalize build cache configuration' completed
2026-06-05T01:40:07.230+0530 [DEBUG] [org.gradle.configurationcache] reading task graph in parallel
2026-06-05T01:40:07.231+0530 [DEBUG] [org.gradle.internal.operations.DefaultBuildOperationRunner] Build operation 'Loading configuration for :app' started
2026-06-05T01:40:07.231+0530 [DEBUG] [org.gradle.internal.resources.AbstractTrackedResourceLock] Build operations Thread 3: acquired lock on worker lease
2026-06-05T01:40:07.231+0530 [DEBUG] [org.gradle.internal.operations.DefaultBuildOperationRunner] Build operation 'Loading configuration for :nyora-web-shared' started
2026-06-05T01:40:07.231+0530 [DEBUG] [org.gradle.internal.resources.AbstractTrackedResourceLock] Build operations: acquired lock on worker lease
2026-06-05T01:40:07.231+0530 [DEBUG] [org.gradle.internal.operations.DefaultBuildOperationRunner] Build operation 'Loading configuration for :translator' started
2026-06-05T01:40:07.232+0530 [DEBUG] [org.gradle.internal.operations.DefaultBuildOperationRunner] Build operation 'Realize task :nyora-web-shared:checkKotlinGradlePluginConfigurationErrors' started
2026-06-05T01:40:07.233+0530 [DEBUG] [org.gradle.internal.operations.DefaultBuildOperationRunner] Build operation 'Realize task :translator:checkKotlinGradlePluginConfigurationErrors' started
2026-06-05T01:40:07.233+0530 [DEBUG] [org.gradle.model.internal.registry.DefaultModelRegistry] Project :translator - Transitioning model element '<root>' from state Registered to Created
2026-06-05T01:40:07.233+0530 [DEBUG] [org.gradle.model.internal.registry.DefaultModelRegistry] Project :nyora-web-shared - Transitioning model element '<root>' from state Registered to Created
2026-06-05T01:40:07.233+0530 [DEBUG] [org.gradle.internal.resources.AbstractTrackedResourceLock] Build operations: acquired lock on state of project :translator
2026-06-05T01:40:07.233+0530 [DEBUG] [org.gradle.internal.resources.AbstractTrackedResourceLock] Build operations Thread 3: acquired lock on state of project :nyora-web-shared
2026-06-05T01:40:07.233+0530 [DEBUG] [org.gradle.model.internal.registry.DefaultModelRegistry] Project :translator - Transitioning model element '<root>' to state Discovered.
2026-06-05T01:40:07.234+0530 [DEBUG] [org.gradle.model.internal.registry.DefaultModelRegistry] Project :nyora-web-shared - Transitioning model element '<root>' to state Discovered.
2026-06-05T01:40:07.234+0530 [DEBUG] [org.gradle.model.internal.registry.DefaultModelRegistry] Project :translator - Transitioning model element '<root>' to state Created.
2026-06-05T01:40:07.234+0530 [DEBUG] [org.gradle.model.internal.registry.DefaultModelRegistry] Project :nyora-web-shared - Transitioning model element '<root>' to state Created.
2026-06-05T01:40:07.234+0530 [DEBUG] [org.gradle.internal.resources.AbstractTrackedResourceLock] Build operations: released lock on state of project :translator
2026-06-05T01:40:07.234+0530 [DEBUG] [org.gradle.internal.operations.DefaultBuildOperationRunner] Build operation 'Realize task :app:preBuild' started
2026-06-05T01:40:07.234+0530 [DEBUG] [org.gradle.internal.operations.DefaultBuildOperationRunner] Completing Build operation 'Realize task :translator:checkKotlinGradlePluginConfigurationErrors'
2026-06-05T01:40:07.234+0530 [DEBUG] [org.gradle.internal.operations.DefaultBuildOperationRunner] Build operation 'Realize task :translator:checkKotlinGradlePluginConfigurationErrors' completed
2026-06-05T01:40:07.234+0530 [DEBUG] [org.gradle.internal.resources.AbstractTrackedResourceLock] Build operations Thread 3: released lock on state of project :nyora-web-shared
2026-06-05T01:40:07.234+0530 [DEBUG] [org.gradle.model.internal.registry.DefaultModelRegistry] Project :app - Transitioning model element '<root>' from state Registered to Created
2026-06-05T01:40:07.234+0530 [DEBUG] [org.gradle.internal.operations.DefaultBuildOperationRunner] Completing Build operation 'Realize task :nyora-web-shared:checkKotlinGradlePluginConfigurationErrors'
2026-06-05T01:40:07.234+0530 [DEBUG] [org.gradle.internal.operations.DefaultBuildOperationRunner] Build operation 'Realize task :nyora-web-shared:checkKotlinGradlePluginConfigurationErrors' completed
2026-06-05T01:40:07.234+0530 [DEBUG] [org.gradle.internal.resources.AbstractTrackedResourceLock] Daemon worker Thread 20: acquired lock on state of project :app
2026-06-05T01:40:07.235+0530 [DEBUG] [org.gradle.model.internal.registry.DefaultModelRegistry] Project :app - Transitioning model element '<root>' to state Discovered.
2026-06-05T01:40:07.235+0530 [DEBUG] [org.gradle.model.internal.registry.DefaultModelRegistry] Project :app - Transitioning model element '<root>' to state Created.
2026-06-05T01:40:07.235+0530 [DEBUG] [org.gradle.internal.resources.AbstractTrackedResourceLock] Daemon worker Thread 20: released lock on state of project :app
2026-06-05T01:40:07.235+0530 [DEBUG] [org.gradle.internal.operations.DefaultBuildOperationRunner] Completing Build operation 'Realize task :app:preBuild'
2026-06-05T01:40:07.235+0530 [DEBUG] [org.gradle.internal.operations.DefaultBuildOperationRunner] Build operation 'Realize task :app:preBuild' completed
2026-06-05T01:40:07.236+0530 [DEBUG] [org.gradle.internal.operations.DefaultBuildOperationRunner] Build operation 'Realize task :translator:compileKotlin' started
2026-06-05T01:40:07.236+0530 [DEBUG] [org.gradle.internal.operations.DefaultBuildOperationRunner] Build operation 'Realize task :app:preDebugBuild' started
2026-06-05T01:40:07.236+0530 [DEBUG] [org.gradle.internal.operations.DefaultBuildOperationRunner] Completing Build operation 'Realize task :translator:compileKotlin'
2026-06-05T01:40:07.236+0530 [DEBUG] [org.gradle.internal.operations.DefaultBuildOperationRunner] Build operation 'Realize task :translator:compileKotlin' completed
2026-06-05T01:40:07.237+0530 [DEBUG] [org.gradle.internal.operations.DefaultBuildOperationRunner] Completing Build operation 'Realize task :app:preDebugBuild'
2026-06-05T01:40:07.237+0530 [DEBUG] [org.gradle.internal.operations.DefaultBuildOperationRunner] Build operation 'Realize task :app:preDebugBuild' completed
2026-06-05T01:40:07.237+0530 [DEBUG] [org.gradle.internal.operations.DefaultBuildOperationRunner] Build operation 'Realize task :nyora-web-shared:generateCommonMainNyoraDatabaseInterface' started
2026-06-05T01:40:07.237+0530 [DEBUG] [org.gradle.internal.operations.DefaultBuildOperationRunner] Completing Build operation 'Realize task :nyora-web-shared:generateCommonMainNyoraDatabaseInterface'
2026-06-05T01:40:07.238+0530 [DEBUG] [org.gradle.internal.operations.DefaultBuildOperationRunner] Build operation 'Realize task :nyora-web-shared:generateCommonMainNyoraDatabaseInterface' completed
2026-06-05T01:40:07.239+0530 [DEBUG] [org.gradle.internal.operations.DefaultBuildOperationRunner] Build operation 'Realize task :nyora-web-shared:compileKotlinJvm' started
2026-06-05T01:40:07.239+0530 [DEBUG] [org.gradle.internal.operations.DefaultBuildOperationRunner] Completing Build operation 'Realize task :nyora-web-shared:compileKotlinJvm'
2026-06-05T01:40:07.239+0530 [DEBUG] [org.gradle.internal.operations.DefaultBuildOperationRunner] Build operation 'Realize task :nyora-web-shared:compileKotlinJvm' completed
2026-06-05T01:40:07.241+0530 [DEBUG] [org.gradle.internal.operations.DefaultBuildOperationRunner] Build operation 'Realize task :app:dataBindingMergeDependencyArtifactsDebug' started
2026-06-05T01:40:07.241+0530 [DEBUG] [org.gradle.internal.operations.DefaultBuildOperationRunner] Completing Build operation 'Realize task :app:dataBindingMergeDependencyArtifactsDebug'
2026-06-05T01:40:07.241+0530 [DEBUG] [org.gradle.internal.operations.DefaultBuildOperationRunner] Build operation 'Realize task :app:dataBindingMergeDependencyArtifactsDebug' completed
2026-06-05T01:40:07.243+0530 [DEBUG] [org.gradle.internal.operations.DefaultBuildOperationRunner] Build operation 'Realize task :app:generateDebugResValues' started
2026-06-05T01:40:07.243+0530 [DEBUG] [org.gradle.internal.operations.DefaultBuildOperationRunner] Completing Build operation 'Realize task :app:generateDebugResValues'
2026-06-05T01:40:07.243+0530 [DEBUG] [org.gradle.internal.operations.DefaultBuildOperationRunner] Build operation 'Realize task :app:generateDebugResValues' completed
2026-06-05T01:40:07.244+0530 [DEBUG] [org.gradle.internal.operations.DefaultBuildOperationRunner] Build operation 'Realize task :app:generateDebugResources' started
2026-06-05T01:40:07.244+0530 [DEBUG] [org.gradle.internal.operations.DefaultBuildOperationRunner] Completing Build operation 'Realize task :app:generateDebugResources'
2026-06-05T01:40:07.244+0530 [DEBUG] [org.gradle.internal.operations.DefaultBuildOperationRunner] Build operation 'Realize task :app:generateDebugResources' completed
2026-06-05T01:40:07.245+0530 [DEBUG] [org.gradle.internal.operations.DefaultBuildOperationRunner] Build operation 'Realize task :app:mergeDebugResources' started
2026-06-05T01:40:07.245+0530 [DEBUG] [org.gradle.internal.operations.DefaultBuildOperationRunner] Completing Build operation 'Realize task :app:mergeDebugResources'
2026-06-05T01:40:07.245+0530 [DEBUG] [org.gradle.internal.operations.DefaultBuildOperationRunner] Build operation 'Realize task :app:mergeDebugResources' completed
2026-06-05T01:40:07.247+0530 [DEBUG] [org.gradle.internal.operations.DefaultBuildOperationRunner] Build operation 'Realize task :app:packageDebugResources' started
2026-06-05T01:40:07.248+0530 [DEBUG] [org.gradle.internal.operations.DefaultBuildOperationRunner] Completing Build operation 'Realize task :app:packageDebugResources'
2026-06-05T01:40:07.248+0530 [DEBUG] [org.gradle.internal.operations.DefaultBuildOperationRunner] Build operation 'Realize task :app:packageDebugResources' completed
2026-06-05T01:40:07.248+0530 [DEBUG] [org.gradle.internal.operations.DefaultBuildOperationRunner] Build operation 'Realize task :app:processDebugNavigationResources' started
2026-06-05T01:40:07.248+0530 [DEBUG] [org.gradle.internal.operations.DefaultBuildOperationRunner] Completing Build operation 'Realize task :app:processDebugNavigationResources'
2026-06-05T01:40:07.248+0530 [DEBUG] [org.gradle.internal.operations.DefaultBuildOperationRunner] Build operation 'Realize task :app:processDebugNavigationResources' completed
2026-06-05T01:40:07.249+0530 [DEBUG] [org.gradle.internal.operations.DefaultBuildOperationRunner] Build operation 'Realize task :nyora-web-shared:compileJvmMainJava' started
2026-06-05T01:40:07.249+0530 [DEBUG] [org.gradle.internal.operations.DefaultBuildOperationRunner] Completing Build operation 'Realize task :nyora-web-shared:compileJvmMainJava'
2026-06-05T01:40:07.249+0530 [DEBUG] [org.gradle.internal.operations.DefaultBuildOperationRunner] Build operation 'Realize task :nyora-web-shared:compileJvmMainJava' completed
2026-06-05T01:40:07.250+0530 [DEBUG] [org.gradle.internal.operations.DefaultBuildOperationRunner] Build operation 'Realize task :translator:compileJava' started
2026-06-05T01:40:07.250+0530 [DEBUG] [org.gradle.internal.operations.DefaultBuildOperationRunner] Completing Build operation 'Realize task :translator:compileJava'
2026-06-05T01:40:07.250+0530 [DEBUG] [org.gradle.internal.operations.DefaultBuildOperationRunner] Build operation 'Realize task :translator:compileJava' completed
2026-06-05T01:40:07.250+0530 [DEBUG] [org.gradle.internal.operations.DefaultBuildOperationRunner] Build operation 'Realize task :app:parseDebugLocalResources' started
2026-06-05T01:40:07.250+0530 [DEBUG] [org.gradle.internal.operations.DefaultBuildOperationRunner] Build operation 'Realize task :translator:processResources' started
2026-06-05T01:40:07.250+0530 [DEBUG] [org.gradle.internal.operations.DefaultBuildOperationRunner] Completing Build operation 'Realize task :app:parseDebugLocalResources'
2026-06-05T01:40:07.250+0530 [DEBUG] [org.gradle.internal.operations.DefaultBuildOperationRunner] Build operation 'Realize task :app:parseDebugLocalResources' completed
2026-06-05T01:40:07.250+0530 [DEBUG] [org.gradle.internal.operations.DefaultBuildOperationRunner] Build operation 'Realize task :nyora-web-shared:jvmProcessResources' started
2026-06-05T01:40:07.250+0530 [DEBUG] [org.gradle.internal.operations.DefaultBuildOperationRunner] Completing Build operation 'Realize task :translator:processResources'
2026-06-05T01:40:07.250+0530 [DEBUG] [org.gradle.internal.operations.DefaultBuildOperationRunner] Build operation 'Realize task :translator:processResources' completed
2026-06-05T01:40:07.251+0530 [DEBUG] [org.gradle.internal.operations.DefaultBuildOperationRunner] Build operation 'Realize task :app:dataBindingGenBaseClassesDebug' started
2026-06-05T01:40:07.250+0530 [DEBUG] [org.gradle.internal.operations.DefaultBuildOperationRunner] Completing Build operation 'Realize task :nyora-web-shared:jvmProcessResources'
2026-06-05T01:40:07.251+0530 [DEBUG] [org.gradle.internal.operations.DefaultBuildOperationRunner] Build operation 'Realize task :nyora-web-shared:jvmProcessResources' completed
2026-06-05T01:40:07.251+0530 [DEBUG] [org.gradle.internal.operations.DefaultBuildOperationRunner] Completing Build operation 'Realize task :app:dataBindingGenBaseClassesDebug'
2026-06-05T01:40:07.251+0530 [DEBUG] [org.gradle.internal.operations.DefaultBuildOperationRunner] Build operation 'Realize task :app:dataBindingGenBaseClassesDebug' completed
2026-06-05T01:40:07.252+0530 [DEBUG] [org.gradle.internal.operations.DefaultBuildOperationRunner] Build operation 'Realize task :translator:classes' started
2026-06-05T01:40:07.252+0530 [DEBUG] [org.gradle.internal.operations.DefaultBuildOperationRunner] Completing Build operation 'Realize task :translator:classes'
2026-06-05T01:40:07.252+0530 [DEBUG] [org.gradle.internal.operations.DefaultBuildOperationRunner] Build operation 'Realize task :translator:classes' completed
2026-06-05T01:40:07.252+0530 [DEBUG] [org.gradle.internal.operations.DefaultBuildOperationRunner] Build operation 'Realize task :nyora-web-shared:processJvmMainResources' started
2026-06-05T01:40:07.252+0530 [DEBUG] [org.gradle.internal.operations.DefaultBuildOperationRunner] Build operation 'Realize task :translator:jar' started
2026-06-05T01:40:07.252+0530 [DEBUG] [org.gradle.internal.operations.DefaultBuildOperationRunner] Completing Build operation 'Realize task :nyora-web-shared:processJvmMainResources'
2026-06-05T01:40:07.252+0530 [DEBUG] [org.gradle.internal.operations.DefaultBuildOperationRunner] Build operation 'Realize task :nyora-web-shared:processJvmMainResources' completed
2026-06-05T01:40:07.253+0530 [DEBUG] [org.gradle.internal.operations.DefaultBuildOperationRunner] Completing Build operation 'Realize task :translator:jar'
2026-06-05T01:40:07.253+0530 [DEBUG] [org.gradle.internal.operations.DefaultBuildOperationRunner] Build operation 'Realize task :translator:jar' completed
2026-06-05T01:40:07.253+0530 [DEBUG] [org.gradle.internal.operations.DefaultBuildOperationRunner] Build operation 'Realize task :nyora-web-shared:jvmMainClasses' started
2026-06-05T01:40:07.253+0530 [DEBUG] [org.gradle.internal.operations.DefaultBuildOperationRunner] Build operation 'Realize task :app:generateDebugBuildConfig' started
2026-06-05T01:40:07.253+0530 [DEBUG] [org.gradle.internal.operations.DefaultBuildOperationRunner] Completing Build operation 'Realize task :nyora-web-shared:jvmMainClasses'
2026-06-05T01:40:07.253+0530 [DEBUG] [org.gradle.internal.operations.DefaultBuildOperationRunner] Build operation 'Realize task :nyora-web-shared:jvmMainClasses' completed
2026-06-05T01:40:07.253+0530 [DEBUG] [org.gradle.internal.operations.DefaultBuildOperationRunner] Build operation 'Realize task :nyora-web-shared:jvmJar' started
2026-06-05T01:40:07.253+0530 [DEBUG] [org.gradle.internal.operations.DefaultBuildOperationRunner] Completing Build operation 'Realize task :app:generateDebugBuildConfig'
2026-06-05T01:40:07.254+0530 [DEBUG] [org.gradle.internal.operations.DefaultBuildOperationRunner] Build operation 'Realize task :app:generateDebugBuildConfig' completed
2026-06-05T01:40:07.254+0530 [DEBUG] [org.gradle.internal.operations.DefaultBuildOperationRunner] Completing Build operation 'Realize task :nyora-web-shared:jvmJar'
2026-06-05T01:40:07.254+0530 [DEBUG] [org.gradle.internal.operations.DefaultBuildOperationRunner] Build operation 'Realize task :nyora-web-shared:jvmJar' completed
2026-06-05T01:40:07.254+0530 [DEBUG] [org.gradle.internal.operations.DefaultBuildOperationRunner] Completing Build operation 'Loading configuration for :nyora-web-shared'
2026-06-05T01:40:07.254+0530 [DEBUG] [org.gradle.internal.operations.DefaultBuildOperationRunner] Build operation 'Loading configuration for :nyora-web-shared' completed
2026-06-05T01:40:07.254+0530 [DEBUG] [org.gradle.internal.operations.DefaultBuildOperationRunner] Completing Build operation 'Loading configuration for :translator'
2026-06-05T01:40:07.254+0530 [DEBUG] [org.gradle.internal.operations.DefaultBuildOperationRunner] Build operation 'Loading configuration for :translator' completed
2026-06-05T01:40:07.254+0530 [DEBUG] [org.gradle.internal.resources.AbstractTrackedResourceLock] Build operations Thread 3: released lock on worker lease
2026-06-05T01:40:07.254+0530 [DEBUG] [org.gradle.internal.resources.AbstractTrackedResourceLock] Build operations: released lock on worker lease
2026-06-05T01:40:07.254+0530 [DEBUG] [org.gradle.internal.operations.DefaultBuildOperationRunner] Build operation 'Realize task :app:checkDebugAarMetadata' started
2026-06-05T01:40:07.255+0530 [DEBUG] [org.gradle.internal.operations.DefaultBuildOperationRunner] Completing Build operation 'Realize task :app:checkDebugAarMetadata'
2026-06-05T01:40:07.255+0530 [DEBUG] [org.gradle.internal.operations.DefaultBuildOperationRunner] Build operation 'Realize task :app:checkDebugAarMetadata' completed
2026-06-05T01:40:07.259+0530 [DEBUG] [org.gradle.internal.operations.DefaultBuildOperationRunner] Build operation 'Realize task :app:mapDebugSourceSetPaths' started
2026-06-05T01:40:07.259+0530 [DEBUG] [org.gradle.internal.operations.DefaultBuildOperationRunner] Completing Build operation 'Realize task :app:mapDebugSourceSetPaths'
2026-06-05T01:40:07.259+0530 [DEBUG] [org.gradle.internal.operations.DefaultBuildOperationRunner] Build operation 'Realize task :app:mapDebugSourceSetPaths' completed
2026-06-05T01:40:07.259+0530 [DEBUG] [org.gradle.internal.operations.DefaultBuildOperationRunner] Build operation 'Realize task :app:compileDebugNavigationResources' started
2026-06-05T01:40:07.259+0530 [DEBUG] [org.gradle.internal.operations.DefaultBuildOperationRunner] Completing Build operation 'Realize task :app:compileDebugNavigationResources'
2026-06-05T01:40:07.259+0530 [DEBUG] [org.gradle.internal.operations.DefaultBuildOperationRunner] Build operation 'Realize task :app:compileDebugNavigationResources' completed
2026-06-05T01:40:07.259+0530 [DEBUG] [org.gradle.internal.operations.DefaultBuildOperationRunner] Build operation 'Realize task :app:createDebugCompatibleScreenManifests' started
2026-06-05T01:40:07.260+0530 [DEBUG] [org.gradle.internal.operations.DefaultBuildOperationRunner] Completing Build operation 'Realize task :app:createDebugCompatibleScreenManifests'
2026-06-05T01:40:07.260+0530 [DEBUG] [org.gradle.internal.operations.DefaultBuildOperationRunner] Build operation 'Realize task :app:createDebugCompatibleScreenManifests' completed
2026-06-05T01:40:07.260+0530 [DEBUG] [org.gradle.internal.operations.DefaultBuildOperationRunner] Build operation 'Realize task :app:extractDeepLinksDebug' started
2026-06-05T01:40:07.260+0530 [DEBUG] [org.gradle.internal.operations.DefaultBuildOperationRunner] Completing Build operation 'Realize task :app:extractDeepLinksDebug'
2026-06-05T01:40:07.260+0530 [DEBUG] [org.gradle.internal.operations.DefaultBuildOperationRunner] Build operation 'Realize task :app:extractDeepLinksDebug' completed
2026-06-05T01:40:07.260+0530 [DEBUG] [org.gradle.internal.operations.DefaultBuildOperationRunner] Build operation 'Realize task :app:processDebugMainManifest' started
2026-06-05T01:40:07.260+0530 [DEBUG] [org.gradle.internal.operations.DefaultBuildOperationRunner] Completing Build operation 'Realize task :app:processDebugMainManifest'
2026-06-05T01:40:07.260+0530 [DEBUG] [org.gradle.internal.operations.DefaultBuildOperationRunner] Build operation 'Realize task :app:processDebugMainManifest' completed
2026-06-05T01:40:07.262+0530 [DEBUG] [org.gradle.internal.operations.DefaultBuildOperationRunner] Build operation 'Realize task :app:processDebugManifest' started
2026-06-05T01:40:07.262+0530 [DEBUG] [org.gradle.internal.operations.DefaultBuildOperationRunner] Completing Build operation 'Realize task :app:processDebugManifest'
2026-06-05T01:40:07.262+0530 [DEBUG] [org.gradle.internal.operations.DefaultBuildOperationRunner] Build operation 'Realize task :app:processDebugManifest' completed
2026-06-05T01:40:07.263+0530 [DEBUG] [org.gradle.internal.operations.DefaultBuildOperationRunner] Build operation 'Realize task :app:processDebugManifestForPackage' started
2026-06-05T01:40:07.263+0530 [DEBUG] [org.gradle.internal.operations.DefaultBuildOperationRunner] Completing Build operation 'Realize task :app:processDebugManifestForPackage'
2026-06-05T01:40:07.263+0530 [DEBUG] [org.gradle.internal.operations.DefaultBuildOperationRunner] Build operation 'Realize task :app:processDebugManifestForPackage' completed
2026-06-05T01:40:07.264+0530 [DEBUG] [org.gradle.internal.operations.DefaultBuildOperationRunner] Build operation 'Realize task :app:processDebugResources' started
2026-06-05T01:40:07.264+0530 [DEBUG] [org.gradle.internal.operations.DefaultBuildOperationRunner] Completing Build operation 'Realize task :app:processDebugResources'
2026-06-05T01:40:07.264+0530 [DEBUG] [org.gradle.internal.operations.DefaultBuildOperationRunner] Build operation 'Realize task :app:processDebugResources' completed
2026-06-05T01:40:07.265+0530 [DEBUG] [org.gradle.internal.operations.DefaultBuildOperationRunner] Build operation 'Realize task :app:kspDebugKotlin' started
2026-06-05T01:40:07.265+0530 [DEBUG] [org.gradle.internal.operations.DefaultBuildOperationRunner] Completing Build operation 'Realize task :app:kspDebugKotlin'
2026-06-05T01:40:07.266+0530 [DEBUG] [org.gradle.internal.operations.DefaultBuildOperationRunner] Build operation 'Realize task :app:kspDebugKotlin' completed
2026-06-05T01:40:07.269+0530 [DEBUG] [org.gradle.internal.operations.DefaultBuildOperationRunner] Build operation 'Realize task :app:copyRoomSchemas' started
2026-06-05T01:40:07.269+0530 [DEBUG] [org.gradle.internal.operations.DefaultBuildOperationRunner] Completing Build operation 'Realize task :app:copyRoomSchemas'
2026-06-05T01:40:07.269+0530 [DEBUG] [org.gradle.internal.operations.DefaultBuildOperationRunner] Build operation 'Realize task :app:copyRoomSchemas' completed
2026-06-05T01:40:07.269+0530 [DEBUG] [org.gradle.internal.operations.DefaultBuildOperationRunner] Completing Build operation 'Loading configuration for :app'
2026-06-05T01:40:07.269+0530 [DEBUG] [org.gradle.internal.operations.DefaultBuildOperationRunner] Build operation 'Loading configuration for :app' completed
2026-06-05T01:40:07.270+0530 [DEBUG] [org.gradle.internal.operations.DefaultBuildOperationRunner] Build operation 'Calculate build tree task graph' started
2026-06-05T01:40:07.270+0530 [DEBUG] [org.gradle.internal.operations.DefaultBuildOperationRunner] Build operation 'Calculate task graph' started
2026-06-05T01:40:07.271+0530 [DEBUG] [org.gradle.internal.operations.DefaultBuildOperationRunner] Completing Build operation 'Calculate task graph'
2026-06-05T01:40:07.271+0530 [DEBUG] [org.gradle.internal.operations.DefaultBuildOperationRunner] Build operation 'Calculate task graph' completed
2026-06-05T01:40:07.271+0530 [DEBUG] [org.gradle.internal.resources.AbstractTrackedResourceLock] Daemon worker Thread 20: acquired lock on All projects of :
2026-06-05T01:40:07.271+0530 [DEBUG] [org.gradle.internal.operations.DefaultBuildOperationRunner] Build operation 'Notify task graph whenReady listeners' started
2026-06-05T01:40:07.271+0530 [INFO] [org.gradle.internal.buildevents.BuildLogger] Tasks to be executed: [task ':translator:checkKotlinGradlePluginConfigurationErrors', task ':translator:compileKotlin', task ':translator:compileJava', task ':translator:processResources', task ':translator:classes', task ':translator:jar', task ':nyora-web-shared:checkKotlinGradlePluginConfigurationErrors', task ':nyora-web-shared:generateCommonMainNyoraDatabaseInterface', task ':nyora-web-shared:compileKotlinJvm', task ':nyora-web-shared:compileJvmMainJava', task ':nyora-web-shared:jvmProcessResources', task ':nyora-web-shared:processJvmMainResources', task ':nyora-web-shared:jvmMainClasses', task ':nyora-web-shared:jvmJar', task ':app:preBuild', task ':app:preDebugBuild', task ':app:dataBindingMergeDependencyArtifactsDebug', task ':app:generateDebugResValues', task ':app:generateDebugResources', task ':app:mergeDebugResources', task ':app:packageDebugResources', task ':app:processDebugNavigationResources', task ':app:parseDebugLocalResources', task ':app:dataBindingGenBaseClassesDebug', task ':app:generateDebugBuildConfig', task ':app:checkDebugAarMetadata', task ':app:mapDebugSourceSetPaths', task ':app:compileDebugNavigationResources', task ':app:createDebugCompatibleScreenManifests', task ':app:extractDeepLinksDebug', task ':app:processDebugMainManifest', task ':app:processDebugManifest', task ':app:processDebugManifestForPackage', task ':app:processDebugResources', task ':app:kspDebugKotlin', task ':app:copyRoomSchemas']
2026-06-05T01:40:07.271+0530 [INFO] [org.gradle.internal.buildevents.BuildLogger] Tasks that were excluded: []
2026-06-05T01:40:07.271+0530 [DEBUG] [org.gradle.internal.operations.DefaultBuildOperationRunner] Completing Build operation 'Notify task graph whenReady listeners'
2026-06-05T01:40:07.271+0530 [DEBUG] [org.gradle.internal.operations.DefaultBuildOperationRunner] Build operation 'Notify task graph whenReady listeners' completed
2026-06-05T01:40:07.271+0530 [DEBUG] [org.gradle.internal.resources.AbstractTrackedResourceLock] Daemon worker Thread 20: released lock on All projects of :
2026-06-05T01:40:07.271+0530 [DEBUG] [org.gradle.internal.operations.DefaultBuildOperationRunner] Completing Build operation 'Calculate build tree task graph'
2026-06-05T01:40:07.272+0530 [DEBUG] [org.gradle.internal.operations.DefaultBuildOperationRunner] Build operation 'Calculate build tree task graph' completed
2026-06-05T01:40:07.272+0530 [DEBUG] [org.gradle.internal.operations.DefaultBuildOperationRunner] Completing Build operation 'Load configuration cache state'
2026-06-05T01:40:07.272+0530 [DEBUG] [org.gradle.internal.operations.DefaultBuildOperationRunner] Build operation 'Load configuration cache state' completed
2026-06-05T01:40:07.272+0530 [DEBUG] [org.gradle.internal.operations.DefaultBuildOperationRunner] Build operation 'Run main tasks' started
2026-06-05T01:40:07.272+0530 [DEBUG] [org.gradle.internal.resources.AbstractTrackedResourceLock] Daemon worker Thread 20: released lock on worker lease
2026-06-05T01:40:07.272+0530 [DEBUG] [org.gradle.internal.resources.AbstractTrackedResourceLock] included builds: acquired lock on worker lease
2026-06-05T01:40:07.272+0530 [DEBUG] [org.gradle.internal.operations.DefaultBuildOperationRunner] Build operation 'Run tasks' started
2026-06-05T01:40:07.272+0530 [DEBUG] [org.gradle.execution.plan.DefaultPlanExecutor] Using 8 parallel executor threads
2026-06-05T01:40:07.272+0530 [DEBUG] [org.gradle.internal.resources.AbstractTrackedResourceLock] Execution worker: acquired lock on worker lease
2026-06-05T01:40:07.273+0530 [DEBUG] [org.gradle.internal.resources.AbstractTrackedResourceLock] Execution worker Thread 2: acquired lock on worker lease
2026-06-05T01:40:07.273+0530 [INFO] [org.gradle.execution.plan.DefaultPlanExecutor] Resolve mutations for :translator:checkKotlinGradlePluginConfigurationErrors (Thread[#1688,Execution worker,5,main]) started.
2026-06-05T01:40:07.273+0530 [DEBUG] [org.gradle.internal.resources.AbstractTrackedResourceLock] Execution worker Thread 3: acquired lock on worker lease
2026-06-05T01:40:07.273+0530 [INFO] [org.gradle.execution.plan.DefaultPlanExecutor] Resolve mutations for :translator:processResources (Thread[#1689,Execution worker Thread 2,5,main]) started.
2026-06-05T01:40:07.273+0530 [DEBUG] [org.gradle.internal.resources.AbstractTrackedResourceLock] Execution worker Thread 7: acquired lock on worker lease
2026-06-05T01:40:07.273+0530 [DEBUG] [org.gradle.internal.operations.DefaultBuildOperationRunner] Build operation 'Resolve mutations for task :translator:checkKotlinGradlePluginConfigurationErrors' started
2026-06-05T01:40:07.273+0530 [DEBUG] [org.gradle.internal.resources.AbstractTrackedResourceLock] Execution worker Thread 6: acquired lock on worker lease
2026-06-05T01:40:07.273+0530 [INFO] [org.gradle.execution.plan.DefaultPlanExecutor] Resolve mutations for :nyora-web-shared:checkKotlinGradlePluginConfigurationErrors (Thread[#1694,Execution worker Thread 7,5,main]) started.
2026-06-05T01:40:07.273+0530 [DEBUG] [org.gradle.internal.operations.DefaultBuildOperationRunner] Build operation 'Resolve mutations for task :translator:processResources' started
2026-06-05T01:40:07.273+0530 [INFO] [org.gradle.execution.plan.DefaultPlanExecutor] work action Unknown value (Thread[#1690,Execution worker Thread 3,5,main]) started.
2026-06-05T01:40:07.273+0530 [DEBUG] [org.gradle.internal.operations.DefaultBuildOperationRunner] Build operation 'Resolve mutations for task :nyora-web-shared:checkKotlinGradlePluginConfigurationErrors' started
2026-06-05T01:40:07.273+0530 [DEBUG] [org.gradle.internal.resources.AbstractTrackedResourceLock] Execution worker Thread 5: acquired lock on worker lease
2026-06-05T01:40:07.274+0530 [INFO] [org.gradle.execution.plan.DefaultPlanExecutor] Resolve mutations for :nyora-web-shared:jvmProcessResources (Thread[#1692,Execution worker Thread 5,5,main]) started.
2026-06-05T01:40:07.274+0530 [DEBUG] [org.gradle.internal.operations.DefaultBuildOperationRunner] Build operation 'Resolve mutations for task :nyora-web-shared:jvmProcessResources' started
2026-06-05T01:40:07.273+0530 [INFO] [org.gradle.execution.plan.DefaultPlanExecutor] Resolve mutations for :nyora-web-shared:generateCommonMainNyoraDatabaseInterface (Thread[#1693,Execution worker Thread 6,5,main]) started.
2026-06-05T01:40:07.274+0530 [DEBUG] [org.gradle.internal.operations.DefaultBuildOperationRunner] Build operation 'Resolve mutations for task :nyora-web-shared:generateCommonMainNyoraDatabaseInterface' started
2026-06-05T01:40:07.274+0530 [DEBUG] [org.gradle.internal.resources.AbstractTrackedResourceLock] Execution worker Thread 4: acquired lock on worker lease
2026-06-05T01:40:07.274+0530 [DEBUG] [org.gradle.internal.operations.DefaultBuildOperationRunner] Completing Build operation 'Resolve mutations for task :nyora-web-shared:checkKotlinGradlePluginConfigurationErrors'
2026-06-05T01:40:07.274+0530 [DEBUG] [org.gradle.internal.operations.DefaultBuildOperationRunner] Build operation 'Resolve mutations for task :nyora-web-shared:checkKotlinGradlePluginConfigurationErrors' completed
2026-06-05T01:40:07.273+0530 [DEBUG] [org.gradle.internal.operations.DefaultBuildOperationRunner] Completing Build operation 'Resolve mutations for task :translator:checkKotlinGradlePluginConfigurationErrors'
2026-06-05T01:40:07.274+0530 [INFO] [org.gradle.execution.plan.DefaultPlanExecutor] Resolve mutations for :app:preBuild (Thread[#1691,Execution worker Thread 4,5,main]) started.
2026-06-05T01:40:07.274+0530 [DEBUG] [org.gradle.internal.operations.DefaultBuildOperationRunner] Completing Build operation 'Resolve mutations for task :translator:processResources'
2026-06-05T01:40:07.274+0530 [DEBUG] [org.gradle.internal.operations.DefaultBuildOperationRunner] Completing Build operation 'Resolve mutations for task :nyora-web-shared:jvmProcessResources'
2026-06-05T01:40:07.274+0530 [DEBUG] [org.gradle.internal.operations.DefaultBuildOperationRunner] Build operation 'Resolve mutations for task :nyora-web-shared:jvmProcessResources' completed
2026-06-05T01:40:07.274+0530 [DEBUG] [org.gradle.internal.operations.DefaultBuildOperationRunner] Build operation 'Resolve mutations for task :app:preBuild' started
2026-06-05T01:40:07.275+0530 [DEBUG] [org.gradle.internal.resources.AbstractTrackedResourceLock] included builds: released lock on worker lease
2026-06-05T01:40:07.275+0530 [DEBUG] [org.gradle.internal.operations.DefaultBuildOperationRunner] Completing Build operation 'Resolve mutations for task :app:preBuild'
2026-06-05T01:40:07.275+0530 [DEBUG] [org.gradle.internal.operations.DefaultBuildOperationRunner] Build operation 'Resolve mutations for task :app:preBuild' completed
2026-06-05T01:40:07.275+0530 [DEBUG] [org.gradle.execution.plan.DefaultFinalizedExecutionPlan] Node Resolve mutations for :app:preBuild completed, executed: true
2026-06-05T01:40:07.275+0530 [DEBUG] [org.gradle.internal.operations.DefaultBuildOperationRunner] Build operation 'Fingerprint transform inputs' started
2026-06-05T01:40:07.274+0530 [DEBUG] [org.gradle.internal.operations.DefaultBuildOperationRunner] Build operation 'Resolve mutations for task :translator:checkKotlinGradlePluginConfigurationErrors' completed
2026-06-05T01:40:07.275+0530 [DEBUG] [org.gradle.internal.operations.DefaultBuildOperationRunner] Completing Build operation 'Resolve mutations for task :nyora-web-shared:generateCommonMainNyoraDatabaseInterface'
2026-06-05T01:40:07.275+0530 [DEBUG] [org.gradle.internal.operations.DefaultBuildOperationRunner] Build operation 'Resolve mutations for task :nyora-web-shared:generateCommonMainNyoraDatabaseInterface' completed
2026-06-05T01:40:07.275+0530 [DEBUG] [org.gradle.execution.plan.DefaultFinalizedExecutionPlan] Node Resolve mutations for :app:preBuild finished executing
2026-06-05T01:40:07.275+0530 [DEBUG] [org.gradle.internal.operations.DefaultBuildOperationRunner] Build operation 'Resolve mutations for task :translator:processResources' completed
2026-06-05T01:40:07.275+0530 [DEBUG] [org.gradle.execution.plan.DefaultFinalizedExecutionPlan] Node Resolve mutations for :nyora-web-shared:jvmProcessResources completed, executed: true
2026-06-05T01:40:07.276+0530 [DEBUG] [org.gradle.execution.plan.DefaultFinalizedExecutionPlan] Node Resolve mutations for :nyora-web-shared:jvmProcessResources finished executing
2026-06-05T01:40:07.276+0530 [INFO] [org.gradle.execution.plan.DefaultPlanExecutor] :nyora-web-shared:jvmProcessResources (Thread[#1692,Execution worker Thread 5,5,main]) started.
2026-06-05T01:40:07.276+0530 [DEBUG] [org.gradle.cache.internal.DefaultCacheCoordinator] Creating new cache for executionHistory, path /Users/hasanraza/Desktop/kotatsu/Nyora/nyora-android/.gradle/9.3.1/executionHistory/executionHistory.bin, access org.gradle.cache.internal.DefaultCacheCoordinator@5acb5235
2026-06-05T01:40:07.275+0530 [INFO] [org.gradle.execution.plan.DefaultPlanExecutor] :app:preBuild (Thread[#1691,Execution worker Thread 4,5,main]) started.
2026-06-05T01:40:07.276+0530 [DEBUG] [org.gradle.execution.plan.DefaultFinalizedExecutionPlan] Node Resolve mutations for :nyora-web-shared:checkKotlinGradlePluginConfigurationErrors completed, executed: true
2026-06-05T01:40:07.276+0530 [DEBUG] [org.gradle.execution.plan.DefaultFinalizedExecutionPlan] Node Resolve mutations for :nyora-web-shared:checkKotlinGradlePluginConfigurationErrors finished executing
2026-06-05T01:40:07.276+0530 [INFO] [org.gradle.execution.plan.DefaultPlanExecutor] :nyora-web-shared:checkKotlinGradlePluginConfigurationErrors (Thread[#1694,Execution worker Thread 7,5,main]) started.
2026-06-05T01:40:07.275+0530 [DEBUG] [org.gradle.internal.operations.DefaultBuildOperationRunner] Completing Build operation 'Fingerprint transform inputs'
2026-06-05T01:40:07.276+0530 [DEBUG] [org.gradle.internal.operations.DefaultBuildOperationRunner] Build operation 'Fingerprint transform inputs' completed
2026-06-05T01:40:07.276+0530 [DEBUG] [org.gradle.execution.plan.DefaultFinalizedExecutionPlan] Node work action null completed, executed: true
2026-06-05T01:40:07.276+0530 [DEBUG] [org.gradle.execution.plan.DefaultFinalizedExecutionPlan] Node work action null finished executing
2026-06-05T01:40:07.276+0530 [DEBUG] [org.gradle.internal.resources.AbstractTrackedResourceLock] Execution worker Thread 3: released lock on worker lease
2026-06-05T01:40:07.277+0530 [DEBUG] [org.gradle.execution.plan.DefaultFinalizedExecutionPlan] Node Resolve mutations for :translator:processResources completed, executed: true
2026-06-05T01:40:07.277+0530 [DEBUG] [org.gradle.execution.plan.DefaultFinalizedExecutionPlan] Node Resolve mutations for :translator:processResources finished executing
2026-06-05T01:40:07.277+0530 [INFO] [org.gradle.execution.plan.DefaultPlanExecutor] :translator:processResources (Thread[#1689,Execution worker Thread 2,5,main]) started.
2026-06-05T01:40:07.277+0530 [DEBUG] [org.gradle.cache.internal.LockOnDemandCrossProcessCacheAccess] Acquiring file lock for execution history cache (/Users/hasanraza/Desktop/kotatsu/Nyora/nyora-android/.gradle/9.3.1/executionHistory)
2026-06-05T01:40:07.277+0530 [DEBUG] [org.gradle.cache.internal.DefaultFileLockManager] Waiting to acquire exclusive lock on execution history cache (/Users/hasanraza/Desktop/kotatsu/Nyora/nyora-android/.gradle/9.3.1/executionHistory).
2026-06-05T01:40:07.278+0530 [DEBUG] [org.gradle.cache.internal.DefaultFileLockManager] Lock acquired on execution history cache (/Users/hasanraza/Desktop/kotatsu/Nyora/nyora-android/.gradle/9.3.1/executionHistory).
2026-06-05T01:40:07.277+0530 [DEBUG] [org.gradle.internal.resources.AbstractTrackedResourceLock] included builds: acquired lock on worker lease
2026-06-05T01:40:07.278+0530 [DEBUG] [org.gradle.internal.resources.AbstractTrackedResourceLock] included builds: released lock on worker lease
2026-06-05T01:40:07.278+0530 [DEBUG] [org.gradle.internal.operations.DefaultBuildOperationRunner] Build operation 'Task :nyora-web-shared:jvmProcessResources' started
2026-06-05T01:40:07.278+0530 [DEBUG] [org.gradle.internal.operations.DefaultBuildOperationRunner] Build operation 'Task :nyora-web-shared:checkKotlinGradlePluginConfigurationErrors' started
2026-06-05T01:40:07.278+0530 [DEBUG] [org.gradle.internal.operations.DefaultBuildOperationRunner] Build operation 'Task :app:preBuild' started
2026-06-05T01:40:07.278+0530 [DEBUG] [org.gradle.internal.operations.DefaultBuildOperationRunner] Build operation 'Task :translator:processResources' started
2026-06-05T01:40:07.278+0530 [DEBUG] [org.gradle.execution.plan.DefaultFinalizedExecutionPlan] Node Resolve mutations for :nyora-web-shared:generateCommonMainNyoraDatabaseInterface completed, executed: true
2026-06-05T01:40:07.278+0530 [LIFECYCLE] [class org.gradle.internal.buildevents.TaskExecutionLogger] 
2026-06-05T01:40:07.278+0530 [LIFECYCLE] [class org.gradle.internal.buildevents.TaskExecutionLogger] > Task :nyora-web-shared:checkKotlinGradlePluginConfigurationErrors SKIPPED
2026-06-05T01:40:07.279+0530 [INFO] [org.gradle.api.internal.tasks.execution.SkipOnlyIfTaskExecuter] Skipping task ':nyora-web-shared:checkKotlinGradlePluginConfigurationErrors' as task onlyIf 'errorDiagnostics are present' is false.
2026-06-05T01:40:07.279+0530 [DEBUG] [org.gradle.internal.operations.DefaultBuildOperationRunner] Build operation 'Snapshot task inputs for :nyora-web-shared:jvmProcessResources' started
2026-06-05T01:40:07.279+0530 [DEBUG] [org.gradle.internal.operations.DefaultBuildOperationRunner] Completing Build operation 'Task :nyora-web-shared:checkKotlinGradlePluginConfigurationErrors'
2026-06-05T01:40:07.279+0530 [DEBUG] [org.gradle.internal.operations.DefaultBuildOperationRunner] Build operation 'Task :nyora-web-shared:checkKotlinGradlePluginConfigurationErrors' completed
2026-06-05T01:40:07.278+0530 [LIFECYCLE] [class org.gradle.internal.buildevents.TaskExecutionLogger] 
2026-06-05T01:40:07.278+0530 [LIFECYCLE] [class org.gradle.internal.buildevents.TaskExecutionLogger] > Task :app:preBuild UP-TO-DATE
2026-06-05T01:40:07.278+0530 [INFO] [org.gradle.api.internal.tasks.execution.SkipTaskWithNoActionsExecuter] Skipping task ':app:preBuild' as it has no actions.
2026-06-05T01:40:07.279+0530 [DEBUG] [org.gradle.internal.operations.DefaultBuildOperationRunner] Completing Build operation 'Task :app:preBuild'
2026-06-05T01:40:07.279+0530 [DEBUG] [org.gradle.internal.operations.DefaultBuildOperationRunner] Build operation 'Task :app:preBuild' completed
2026-06-05T01:40:07.279+0530 [DEBUG] [org.gradle.execution.plan.DefaultFinalizedExecutionPlan] Node Resolve mutations for :nyora-web-shared:generateCommonMainNyoraDatabaseInterface finished executing
2026-06-05T01:40:07.280+0530 [DEBUG] [org.gradle.internal.operations.DefaultBuildOperationRunner] Build operation 'Snapshot task inputs for :translator:processResources' started
2026-06-05T01:40:07.280+0530 [DEBUG] [org.gradle.execution.plan.DefaultFinalizedExecutionPlan] Node Resolve mutations for :translator:checkKotlinGradlePluginConfigurationErrors completed, executed: true
2026-06-05T01:40:07.280+0530 [DEBUG] [org.gradle.execution.plan.DefaultFinalizedExecutionPlan] Node Resolve mutations for :translator:checkKotlinGradlePluginConfigurationErrors finished executing
2026-06-05T01:40:07.280+0530 [INFO] [org.gradle.execution.plan.DefaultPlanExecutor] :translator:checkKotlinGradlePluginConfigurationErrors (Thread[#1688,Execution worker,5,main]) started.
2026-06-05T01:40:07.280+0530 [DEBUG] [org.gradle.internal.operations.DefaultBuildOperationRunner] Build operation 'Task :translator:checkKotlinGradlePluginConfigurationErrors' started
2026-06-05T01:40:07.280+0530 [LIFECYCLE] [class org.gradle.internal.buildevents.TaskExecutionLogger] 
2026-06-05T01:40:07.280+0530 [LIFECYCLE] [class org.gradle.internal.buildevents.TaskExecutionLogger] > Task :translator:checkKotlinGradlePluginConfigurationErrors SKIPPED
2026-06-05T01:40:07.280+0530 [INFO] [org.gradle.api.internal.tasks.execution.SkipOnlyIfTaskExecuter] Skipping task ':translator:checkKotlinGradlePluginConfigurationErrors' as task onlyIf 'errorDiagnostics are present' is false.
2026-06-05T01:40:07.280+0530 [DEBUG] [org.gradle.internal.operations.DefaultBuildOperationRunner] Completing Build operation 'Task :translator:checkKotlinGradlePluginConfigurationErrors'
2026-06-05T01:40:07.280+0530 [DEBUG] [org.gradle.internal.operations.DefaultBuildOperationRunner] Build operation 'Task :translator:checkKotlinGradlePluginConfigurationErrors' completed
2026-06-05T01:40:07.280+0530 [DEBUG] [org.gradle.execution.plan.DefaultFinalizedExecutionPlan] Node :translator:checkKotlinGradlePluginConfigurationErrors completed, executed: true
2026-06-05T01:40:07.280+0530 [DEBUG] [org.gradle.execution.plan.DefaultFinalizedExecutionPlan] Node :translator:checkKotlinGradlePluginConfigurationErrors finished executing
2026-06-05T01:40:07.281+0530 [INFO] [org.gradle.execution.plan.DefaultPlanExecutor] Resolve mutations for :translator:compileKotlin (Thread[#1688,Execution worker,5,main]) started.
2026-06-05T01:40:07.281+0530 [DEBUG] [org.gradle.internal.operations.DefaultBuildOperationRunner] Build operation 'Resolve mutations for task :translator:compileKotlin' started
2026-06-05T01:40:07.281+0530 [DEBUG] [org.gradle.internal.resources.AbstractTrackedResourceLock] included builds: acquired lock on worker lease
2026-06-05T01:40:07.281+0530 [DEBUG] [org.gradle.internal.resources.AbstractTrackedResourceLock] included builds: released lock on worker lease
2026-06-05T01:40:07.280+0530 [INFO] [org.gradle.execution.plan.DefaultPlanExecutor] :nyora-web-shared:generateCommonMainNyoraDatabaseInterface (Thread[#1693,Execution worker Thread 6,5,main]) started.
2026-06-05T01:40:07.281+0530 [DEBUG] [org.gradle.execution.plan.DefaultFinalizedExecutionPlan] Node :app:preBuild completed, executed: true
2026-06-05T01:40:07.280+0530 [INFO] [org.jetbrains.kotlin.gradle.fus.BuildUidService$Inject_] Build faeb2823-9faf-4985-bc67-6a9dade9d179 is started
2026-06-05T01:40:07.281+0530 [DEBUG] [org.gradle.execution.plan.DefaultFinalizedExecutionPlan] Node :app:preBuild finished executing
2026-06-05T01:40:07.281+0530 [INFO] [org.gradle.execution.plan.DefaultPlanExecutor] Resolve mutations for :app:preDebugBuild (Thread[#1691,Execution worker Thread 4,5,main]) started.
2026-06-05T01:40:07.281+0530 [DEBUG] [org.gradle.internal.operations.DefaultBuildOperationRunner] Build operation 'Resolve mutations for task :app:preDebugBuild' started
2026-06-05T01:40:07.281+0530 [DEBUG] [org.gradle.internal.operations.DefaultBuildOperationRunner] Completing Build operation 'Resolve mutations for task :app:preDebugBuild'
2026-06-05T01:40:07.281+0530 [DEBUG] [org.gradle.internal.operations.DefaultBuildOperationRunner] Build operation 'Resolve mutations for task :app:preDebugBuild' completed
2026-06-05T01:40:07.281+0530 [DEBUG] [org.gradle.internal.operations.DefaultBuildOperationRunner] Build operation 'Task :nyora-web-shared:generateCommonMainNyoraDatabaseInterface' started
2026-06-05T01:40:07.281+0530 [DEBUG] [org.gradle.execution.plan.DefaultFinalizedExecutionPlan] Node :nyora-web-shared:checkKotlinGradlePluginConfigurationErrors completed, executed: true
2026-06-05T01:40:07.282+0530 [DEBUG] [org.gradle.execution.plan.DefaultFinalizedExecutionPlan] Node :nyora-web-shared:checkKotlinGradlePluginConfigurationErrors finished executing
2026-06-05T01:40:07.282+0530 [DEBUG] [org.gradle.internal.operations.DefaultBuildOperationRunner] Build operation 'Snapshot task inputs for :nyora-web-shared:generateCommonMainNyoraDatabaseInterface' started
2026-06-05T01:40:07.282+0530 [DEBUG] [org.gradle.internal.resources.AbstractTrackedResourceLock] Execution worker Thread 7: released lock on worker lease
2026-06-05T01:40:07.281+0530 [DEBUG] [org.gradle.internal.operations.DefaultBuildOperationRunner] Completing Build operation 'Resolve mutations for task :translator:compileKotlin'
2026-06-05T01:40:07.282+0530 [DEBUG] [org.gradle.internal.operations.DefaultBuildOperationRunner] Build operation 'Resolve mutations for task :translator:compileKotlin' completed
2026-06-05T01:40:07.282+0530 [DEBUG] [org.gradle.internal.resources.AbstractTrackedResourceLock] Execution worker Thread 3: acquired lock on worker lease
2026-06-05T01:40:07.282+0530 [DEBUG] [org.gradle.internal.operations.DefaultBuildOperationRunner] Build operation 'Snapshot inputs and outputs before executing task ':nyora-web-shared:jvmProcessResources'' started
2026-06-05T01:40:07.282+0530 [DEBUG] [org.gradle.internal.operations.DefaultBuildOperationRunner] Completing Build operation 'Snapshot task inputs for :translator:processResources'
2026-06-05T01:40:07.282+0530 [DEBUG] [org.gradle.internal.resources.AbstractTrackedResourceLock] Execution worker Thread 3: released lock on worker lease
2026-06-05T01:40:07.282+0530 [DEBUG] [org.gradle.execution.plan.DefaultFinalizedExecutionPlan] Node Resolve mutations for :translator:compileKotlin completed, executed: true
2026-06-05T01:40:07.283+0530 [DEBUG] [org.jetbrains.kotlin.gradle.plugin.statistics.FlowActionBuildFusService$Inject_] [KOTLIN] Initialize FlowActionBuildFusService$Inject_
2026-06-05T01:40:07.283+0530 [DEBUG] [org.gradle.execution.plan.DefaultFinalizedExecutionPlan] Node Resolve mutations for :translator:compileKotlin finished executing
2026-06-05T01:40:07.279+0530 [LIFECYCLE] [class org.gradle.internal.buildevents.TaskExecutionLogger] 
2026-06-05T01:40:07.279+0530 [LIFECYCLE] [class org.gradle.internal.buildevents.TaskExecutionLogger] > Task :translator:processResources NO-SOURCE
2026-06-05T01:40:07.279+0530 [DEBUG] [org.gradle.api.internal.tasks.execution.ResolveTaskExecutionModeExecuter] Putting task artifact state for task ':translator:processResources' into context took 0.0 secs.
2026-06-05T01:40:07.280+0530 [INFO] [org.gradle.internal.execution.steps.SkipEmptyIncrementalWorkStep] Skipping task ':translator:processResources' as it has no source files and no previous output files.
2026-06-05T01:40:07.282+0530 [DEBUG] [org.gradle.internal.operations.DefaultBuildOperationRunner] Build operation 'Snapshot task inputs for :translator:processResources' completed
2026-06-05T01:40:07.283+0530 [DEBUG] [org.gradle.api.internal.tasks.execution.ResolveTaskExecutionModeExecuter] Removed task artifact state for task ':translator:processResources' from context.
2026-06-05T01:40:07.283+0530 [DEBUG] [org.gradle.cache.internal.btree.BTreePersistentIndexedCache] Opening cache executionHistory.bin (/Users/hasanraza/Desktop/kotatsu/Nyora/nyora-android/.gradle/9.3.1/executionHistory/executionHistory.bin)
2026-06-05T01:40:07.283+0530 [DEBUG] [org.gradle.internal.operations.DefaultBuildOperationRunner] Build operation 'Snapshot inputs and outputs before executing task ':nyora-web-shared:generateCommonMainNyoraDatabaseInterface'' started
2026-06-05T01:40:07.283+0530 [DEBUG] [org.jetbrains.kotlin.gradle.plugin.statistics.FlowActionBuildFusService$Inject_] FlowActionBuildFusService$Inject_ 1289940789 is created
2026-06-05T01:40:07.283+0530 [INFO] [org.gradle.execution.plan.DefaultPlanExecutor] :translator:compileKotlin (Thread[#1688,Execution worker,5,main]) started.
2026-06-05T01:40:07.283+0530 [DEBUG] [org.gradle.execution.plan.DefaultFinalizedExecutionPlan] Node Resolve mutations for :app:preDebugBuild completed, executed: true
2026-06-05T01:40:07.283+0530 [DEBUG] [org.gradle.internal.operations.DefaultBuildOperationRunner] Completing Build operation 'Task :translator:processResources'
2026-06-05T01:40:07.283+0530 [DEBUG] [org.gradle.internal.operations.DefaultBuildOperationRunner] Build operation 'Task :translator:processResources' completed
2026-06-05T01:40:07.283+0530 [DEBUG] [org.gradle.execution.plan.DefaultFinalizedExecutionPlan] Node Resolve mutations for :app:preDebugBuild finished executing
2026-06-05T01:40:07.283+0530 [DEBUG] [org.gradle.internal.operations.DefaultBuildOperationRunner] Build operation 'Task :translator:compileKotlin' started
2026-06-05T01:40:07.283+0530 [DEBUG] [org.gradle.internal.resources.AbstractTrackedResourceLock] included builds: acquired lock on worker lease
2026-06-05T01:40:07.283+0530 [INFO] [org.gradle.execution.plan.DefaultPlanExecutor] :app:preDebugBuild (Thread[#1691,Execution worker Thread 4,5,main]) started.
2026-06-05T01:40:07.283+0530 [DEBUG] [org.gradle.internal.resources.AbstractTrackedResourceLock] included builds: released lock on worker lease
2026-06-05T01:40:07.284+0530 [DEBUG] [org.gradle.execution.plan.DefaultFinalizedExecutionPlan] Node :translator:processResources completed, executed: true
2026-06-05T01:40:07.284+0530 [DEBUG] [org.gradle.internal.operations.DefaultBuildOperationRunner] Build operation 'Task :app:preDebugBuild' started
2026-06-05T01:40:07.284+0530 [DEBUG] [org.gradle.execution.plan.DefaultFinalizedExecutionPlan] Node :translator:processResources finished executing
2026-06-05T01:40:07.284+0530 [DEBUG] [org.gradle.internal.resources.AbstractTrackedResourceLock] Execution worker Thread 3: acquired lock on worker lease
2026-06-05T01:40:07.284+0530 [DEBUG] [org.gradle.internal.resources.AbstractTrackedResourceLock] Execution worker Thread 3: released lock on worker lease
2026-06-05T01:40:07.284+0530 [LIFECYCLE] [class org.gradle.internal.buildevents.TaskExecutionLogger] 
2026-06-05T01:40:07.284+0530 [LIFECYCLE] [class org.gradle.internal.buildevents.TaskExecutionLogger] > Task :app:preDebugBuild UP-TO-DATE
2026-06-05T01:40:07.284+0530 [INFO] [org.gradle.api.internal.tasks.execution.SkipTaskWithNoActionsExecuter] Skipping task ':app:preDebugBuild' as it has no actions.
2026-06-05T01:40:07.284+0530 [DEBUG] [org.gradle.internal.operations.DefaultBuildOperationRunner] Completing Build operation 'Task :app:preDebugBuild'
2026-06-05T01:40:07.284+0530 [DEBUG] [org.gradle.internal.operations.DefaultBuildOperationRunner] Build operation 'Task :app:preDebugBuild' completed
2026-06-05T01:40:07.284+0530 [DEBUG] [org.gradle.internal.operations.DefaultBuildOperationRunner] Build operation 'Snapshot task inputs for :translator:compileKotlin' started
2026-06-05T01:40:07.284+0530 [DEBUG] [org.gradle.internal.resources.AbstractTrackedResourceLock] Execution worker Thread 7: acquired lock on worker lease
2026-06-05T01:40:07.284+0530 [DEBUG] [org.gradle.internal.resources.AbstractTrackedResourceLock] Execution worker Thread 7: released lock on worker lease
2026-06-05T01:40:07.284+0530 [DEBUG] [org.gradle.execution.plan.DefaultFinalizedExecutionPlan] Node :app:preDebugBuild completed, executed: true
2026-06-05T01:40:07.285+0530 [DEBUG] [org.gradle.execution.plan.DefaultFinalizedExecutionPlan] Node :app:preDebugBuild finished executing
2026-06-05T01:40:07.285+0530 [DEBUG] [org.gradle.internal.resources.AbstractTrackedResourceLock] included builds: acquired lock on worker lease
2026-06-05T01:40:07.285+0530 [INFO] [org.gradle.execution.plan.DefaultPlanExecutor] Resolve mutations for :app:generateDebugResValues (Thread[#1689,Execution worker Thread 2,5,main]) started.
2026-06-05T01:40:07.285+0530 [INFO] [org.gradle.execution.plan.DefaultPlanExecutor] Resolve mutations for :app:dataBindingMergeDependencyArtifactsDebug (Thread[#1691,Execution worker Thread 4,5,main]) started.
2026-06-05T01:40:07.285+0530 [DEBUG] [org.gradle.internal.operations.DefaultBuildOperationRunner] Build operation 'Resolve mutations for task :app:dataBindingMergeDependencyArtifactsDebug' started
2026-06-05T01:40:07.285+0530 [DEBUG] [org.gradle.internal.operations.DefaultBuildOperationRunner] Completing Build operation 'Snapshot inputs and outputs before executing task ':nyora-web-shared:generateCommonMainNyoraDatabaseInterface''
2026-06-05T01:40:07.285+0530 [DEBUG] [org.gradle.internal.operations.DefaultBuildOperationRunner] Build operation 'Snapshot inputs and outputs before executing task ':translator:compileKotlin'' started
2026-06-05T01:40:07.285+0530 [DEBUG] [org.gradle.internal.operations.DefaultBuildOperationRunner] Completing Build operation 'Snapshot inputs and outputs before executing task ':nyora-web-shared:jvmProcessResources''
2026-06-05T01:40:07.285+0530 [DEBUG] [org.gradle.internal.operations.DefaultBuildOperationRunner] Completing Build operation 'Resolve mutations for task :app:dataBindingMergeDependencyArtifactsDebug'
2026-06-05T01:40:07.286+0530 [DEBUG] [org.gradle.internal.operations.DefaultBuildOperationRunner] Build operation 'Resolve mutations for task :app:dataBindingMergeDependencyArtifactsDebug' completed
2026-06-05T01:40:07.285+0530 [DEBUG] [org.gradle.internal.operations.DefaultBuildOperationRunner] Build operation 'Resolve mutations for task :app:generateDebugResValues' started
2026-06-05T01:40:07.285+0530 [DEBUG] [org.gradle.internal.resources.AbstractTrackedResourceLock] Execution worker Thread 7: acquired lock on worker lease
2026-06-05T01:40:07.285+0530 [INFO] [org.gradle.execution.plan.DefaultPlanExecutor] Resolve mutations for :app:processDebugNavigationResources (Thread[#1687,included builds,5,main]) started.
2026-06-05T01:40:07.286+0530 [DEBUG] [org.gradle.internal.operations.DefaultBuildOperationRunner] Completing Build operation 'Resolve mutations for task :app:generateDebugResValues'
2026-06-05T01:40:07.286+0530 [DEBUG] [org.gradle.internal.operations.DefaultBuildOperationRunner] Build operation 'Resolve mutations for task :app:generateDebugResValues' completed
2026-06-05T01:40:07.286+0530 [DEBUG] [org.gradle.internal.resources.AbstractTrackedResourceLock] Execution worker Thread 3: acquired lock on worker lease
2026-06-05T01:40:07.286+0530 [INFO] [org.gradle.execution.plan.DefaultPlanExecutor] Resolve mutations for :app:generateDebugBuildConfig (Thread[#1694,Execution worker Thread 7,5,main]) started.
2026-06-05T01:40:07.286+0530 [DEBUG] [org.gradle.internal.operations.DefaultBuildOperationRunner] Build operation 'Resolve mutations for task :app:generateDebugBuildConfig' started
2026-06-05T01:40:07.286+0530 [DEBUG] [org.gradle.execution.plan.DefaultFinalizedExecutionPlan] Node Resolve mutations for :app:generateDebugResValues completed, executed: true
2026-06-05T01:40:07.286+0530 [INFO] [org.gradle.execution.plan.DefaultPlanExecutor] Resolve mutations for :app:checkDebugAarMetadata (Thread[#1690,Execution worker Thread 3,5,main]) started.
2026-06-05T01:40:07.286+0530 [DEBUG] [org.gradle.internal.operations.DefaultBuildOperationRunner] Build operation 'Resolve mutations for task :app:processDebugNavigationResources' started
2026-06-05T01:40:07.286+0530 [DEBUG] [org.gradle.internal.operations.DefaultBuildOperationRunner] Completing Build operation 'Snapshot task inputs for :nyora-web-shared:jvmProcessResources'
2026-06-05T01:40:07.287+0530 [DEBUG] [org.gradle.internal.operations.DefaultBuildOperationRunner] Completing Build operation 'Resolve mutations for task :app:processDebugNavigationResources'
2026-06-05T01:40:07.287+0530 [DEBUG] [org.gradle.internal.operations.DefaultBuildOperationRunner] Build operation 'Resolve mutations for task :app:processDebugNavigationResources' completed
2026-06-05T01:40:07.286+0530 [DEBUG] [org.gradle.internal.operations.DefaultBuildOperationRunner] Build operation 'Resolve mutations for task :app:checkDebugAarMetadata' started
2026-06-05T01:40:07.286+0530 [DEBUG] [org.gradle.internal.operations.DefaultBuildOperationRunner] Completing Build operation 'Resolve mutations for task :app:generateDebugBuildConfig'
2026-06-05T01:40:07.287+0530 [DEBUG] [org.gradle.internal.operations.DefaultBuildOperationRunner] Completing Build operation 'Resolve mutations for task :app:checkDebugAarMetadata'
2026-06-05T01:40:07.287+0530 [DEBUG] [org.gradle.internal.operations.DefaultBuildOperationRunner] Build operation 'Resolve mutations for task :app:checkDebugAarMetadata' completed
2026-06-05T01:40:07.286+0530 [DEBUG] [org.gradle.execution.plan.DefaultFinalizedExecutionPlan] Node Resolve mutations for :app:generateDebugResValues finished executing
2026-06-05T01:40:07.287+0530 [INFO] [org.gradle.execution.plan.DefaultPlanExecutor] :app:generateDebugResValues (Thread[#1689,Execution worker Thread 2,5,main]) started.
2026-06-05T01:40:07.287+0530 [DEBUG] [org.gradle.internal.operations.DefaultBuildOperationRunner] Build operation 'Task :app:generateDebugResValues' started
2026-06-05T01:40:07.286+0530 [DEBUG] [org.gradle.internal.operations.DefaultBuildOperationRunner] Completing Build operation 'Snapshot task inputs for :nyora-web-shared:generateCommonMainNyoraDatabaseInterface'
2026-06-05T01:40:07.287+0530 [DEBUG] [org.gradle.internal.operations.DefaultBuildOperationRunner] Build operation 'Snapshot task inputs for :app:generateDebugResValues' started
2026-06-05T01:40:07.288+0530 [DEBUG] [org.gradle.cache.internal.btree.BTreePersistentIndexedCache] Opening cache outputFiles.bin (/Users/hasanraza/Desktop/kotatsu/Nyora/nyora-android/.gradle/buildOutputCleanup/outputFiles.bin)
2026-06-05T01:40:07.287+0530 [DEBUG] [org.gradle.execution.plan.DefaultFinalizedExecutionPlan] Node Resolve mutations for :app:dataBindingMergeDependencyArtifactsDebug completed, executed: true
2026-06-05T01:40:07.289+0530 [DEBUG] [org.gradle.execution.plan.DefaultFinalizedExecutionPlan] Node Resolve mutations for :app:dataBindingMergeDependencyArtifactsDebug finished executing
2026-06-05T01:40:07.289+0530 [INFO] [org.gradle.execution.plan.DefaultPlanExecutor] :app:dataBindingMergeDependencyArtifactsDebug (Thread[#1691,Execution worker Thread 4,5,main]) started.
2026-06-05T01:40:07.289+0530 [DEBUG] [org.gradle.internal.operations.DefaultBuildOperationRunner] Build operation 'Task :app:dataBindingMergeDependencyArtifactsDebug' started
2026-06-05T01:40:07.289+0530 [DEBUG] [org.gradle.execution.plan.DefaultFinalizedExecutionPlan] Node Resolve mutations for :app:checkDebugAarMetadata completed, executed: true
2026-06-05T01:40:07.289+0530 [DEBUG] [org.gradle.execution.plan.DefaultFinalizedExecutionPlan] Node Resolve mutations for :app:checkDebugAarMetadata finished executing
2026-06-05T01:40:07.287+0530 [DEBUG] [org.gradle.internal.operations.DefaultBuildOperationRunner] Build operation 'Resolve mutations for task :app:generateDebugBuildConfig' completed
2026-06-05T01:40:07.289+0530 [INFO] [org.gradle.execution.plan.DefaultPlanExecutor] :app:checkDebugAarMetadata (Thread[#1690,Execution worker Thread 3,5,main]) started.
2026-06-05T01:40:07.289+0530 [DEBUG] [org.gradle.execution.plan.DefaultFinalizedExecutionPlan] Node Resolve mutations for :app:processDebugNavigationResources completed, executed: true
2026-06-05T01:40:07.289+0530 [DEBUG] [org.gradle.execution.plan.DefaultFinalizedExecutionPlan] Node Resolve mutations for :app:processDebugNavigationResources finished executing
2026-06-05T01:40:07.289+0530 [INFO] [org.gradle.execution.plan.DefaultPlanExecutor] :app:processDebugNavigationResources (Thread[#1687,included builds,5,main]) started.
2026-06-05T01:40:07.289+0530 [DEBUG] [org.gradle.internal.operations.DefaultBuildOperationRunner] Build operation 'Task :app:processDebugNavigationResources' started
2026-06-05T01:40:07.290+0530 [DEBUG] [org.gradle.internal.operations.DefaultBuildOperationRunner] Build operation 'Snapshot task inputs for :app:processDebugNavigationResources' started
2026-06-05T01:40:07.290+0530 [DEBUG] [org.gradle.internal.operations.DefaultBuildOperationRunner] Build operation 'Snapshot inputs and outputs before executing task ':app:processDebugNavigationResources'' started
2026-06-05T01:40:07.278+0530 [LIFECYCLE] [class org.gradle.internal.buildevents.TaskExecutionLogger] 
2026-06-05T01:40:07.278+0530 [LIFECYCLE] [class org.gradle.internal.buildevents.TaskExecutionLogger] > Task :nyora-web-shared:jvmProcessResources UP-TO-DATE
2026-06-05T01:40:07.279+0530 [DEBUG] [org.gradle.api.internal.tasks.execution.ResolveTaskExecutionModeExecuter] Putting task artifact state for task ':nyora-web-shared:jvmProcessResources' into context took 0.0 secs.
2026-06-05T01:40:07.284+0530 [DEBUG] [org.gradle.internal.execution.steps.AbstractCaptureStateBeforeExecutionStep] Implementation for task ':nyora-web-shared:jvmProcessResources': org.gradle.language.jvm.tasks.ProcessResources_Decorated@24d7551fb10361692103cfc702a8fff3
2026-06-05T01:40:07.285+0530 [DEBUG] [org.gradle.internal.execution.steps.AbstractCaptureStateBeforeExecutionStep] Additional implementations for task ':nyora-web-shared:jvmProcessResources': [org.gradle.language.jvm.tasks.ProcessResources_Decorated@0fe2552bd2b931ed258b6857d8ab9e9f]
2026-06-05T01:40:07.285+0530 [DEBUG] [org.gradle.internal.operations.DefaultBuildOperationRunner] Build operation 'Snapshot inputs and outputs before executing task ':nyora-web-shared:jvmProcessResources'' completed
2026-06-05T01:40:07.286+0530 [INFO] [org.gradle.internal.execution.steps.AbstractResolveCachingStateStep] Caching disabled for task ':nyora-web-shared:jvmProcessResources' because:
  Not worth caching
2026-06-05T01:40:07.287+0530 [DEBUG] [org.gradle.internal.operations.DefaultBuildOperationRunner] Build operation 'Snapshot task inputs for :nyora-web-shared:jvmProcessResources' completed
2026-06-05T01:40:07.287+0530 [DEBUG] [org.gradle.internal.execution.steps.SkipUpToDateStep] Determining if task ':nyora-web-shared:jvmProcessResources' is up-to-date
2026-06-05T01:40:07.290+0530 [INFO] [org.gradle.internal.execution.steps.SkipUpToDateStep] Skipping task ':nyora-web-shared:jvmProcessResources' as it is up-to-date.
2026-06-05T01:40:07.290+0530 [DEBUG] [org.gradle.api.internal.tasks.execution.ResolveTaskExecutionModeExecuter] Removed task artifact state for task ':nyora-web-shared:jvmProcessResources' from context.
2026-06-05T01:40:07.290+0530 [DEBUG] [org.gradle.internal.operations.DefaultBuildOperationRunner] Build operation 'Fingerprint transform inputs' started
2026-06-05T01:40:07.289+0530 [DEBUG] [org.gradle.execution.plan.DefaultFinalizedExecutionPlan] Node Resolve mutations for :app:generateDebugBuildConfig completed, executed: true
2026-06-05T01:40:07.289+0530 [DEBUG] [org.gradle.internal.operations.DefaultBuildOperationRunner] Build operation 'Task :app:checkDebugAarMetadata' started
2026-06-05T01:40:07.291+0530 [DEBUG] [org.gradle.internal.operations.DefaultBuildOperationRunner] Build operation 'Snapshot task inputs for :app:checkDebugAarMetadata' started
2026-06-05T01:40:07.291+0530 [DEBUG] [org.gradle.internal.operations.DefaultBuildOperationRunner] Build operation 'Snapshot inputs and outputs before executing task ':app:checkDebugAarMetadata'' started
2026-06-05T01:40:07.291+0530 [DEBUG] [org.gradle.internal.operations.DefaultBuildOperationRunner] Build operation 'Fingerprint transform inputs' started
2026-06-05T01:40:07.291+0530 [DEBUG] [org.gradle.internal.operations.DefaultBuildOperationRunner] Build operation 'Snapshot task inputs for :app:dataBindingMergeDependencyArtifactsDebug' started
2026-06-05T01:40:07.291+0530 [DEBUG] [org.gradle.internal.operations.DefaultBuildOperationRunner] Build operation 'Snapshot inputs and outputs before executing task ':app:dataBindingMergeDependencyArtifactsDebug'' started
2026-06-05T01:40:07.288+0530 [DEBUG] [org.gradle.internal.operations.DefaultBuildOperationRunner] Build operation 'Snapshot inputs and outputs before executing task ':app:generateDebugResValues'' started
2026-06-05T01:40:07.282+0530 [LIFECYCLE] [class org.gradle.internal.buildevents.TaskExecutionLogger] 
2026-06-05T01:40:07.282+0530 [LIFECYCLE] [class org.gradle.internal.buildevents.TaskExecutionLogger] > Task :nyora-web-shared:generateCommonMainNyoraDatabaseInterface UP-TO-DATE
2026-06-05T01:40:07.282+0530 [DEBUG] [org.gradle.api.internal.tasks.execution.ResolveTaskExecutionModeExecuter] Putting task artifact state for task ':nyora-web-shared:generateCommonMainNyoraDatabaseInterface' into context took 0.0 secs.
2026-06-05T01:40:07.284+0530 [DEBUG] [org.gradle.internal.execution.steps.AbstractCaptureStateBeforeExecutionStep] Implementation for task ':nyora-web-shared:generateCommonMainNyoraDatabaseInterface': app.cash.sqldelight.gradle.SqlDelightTask_Decorated@10ed27dabd13b91c17fa495199017c3a
2026-06-05T01:40:07.285+0530 [DEBUG] [org.gradle.internal.execution.steps.AbstractCaptureStateBeforeExecutionStep] Additional implementations for task ':nyora-web-shared:generateCommonMainNyoraDatabaseInterface': [app.cash.sqldelight.gradle.SqlDelightTask_Decorated@10ed27dabd13b91c17fa495199017c3a]
2026-06-05T01:40:07.285+0530 [DEBUG] [org.gradle.internal.operations.DefaultBuildOperationRunner] Build operation 'Snapshot inputs and outputs before executing task ':nyora-web-shared:generateCommonMainNyoraDatabaseInterface'' completed
2026-06-05T01:40:07.286+0530 [INFO] [org.gradle.internal.execution.steps.AbstractResolveCachingStateStep] Build cache key for task ':nyora-web-shared:generateCommonMainNyoraDatabaseInterface' is bfd29820484bbebf1de80bef855f0e7b
2026-06-05T01:40:07.287+0530 [DEBUG] [org.gradle.internal.operations.DefaultBuildOperationRunner] Build operation 'Snapshot task inputs for :nyora-web-shared:generateCommonMainNyoraDatabaseInterface' completed
2026-06-05T01:40:07.287+0530 [DEBUG] [org.gradle.internal.execution.steps.SkipUpToDateStep] Determining if task ':nyora-web-shared:generateCommonMainNyoraDatabaseInterface' is up-to-date
2026-06-05T01:40:07.288+0530 [INFO] [org.gradle.internal.execution.steps.SkipUpToDateStep] Skipping task ':nyora-web-shared:generateCommonMainNyoraDatabaseInterface' as it is up-to-date.
2026-06-05T01:40:07.288+0530 [DEBUG] [org.gradle.api.internal.tasks.execution.ResolveTaskExecutionModeExecuter] Removed task artifact state for task ':nyora-web-shared:generateCommonMainNyoraDatabaseInterface' from context.
2026-06-05T01:40:07.291+0530 [DEBUG] [org.gradle.internal.operations.DefaultBuildOperationRunner] Completing Build operation 'Task :nyora-web-shared:generateCommonMainNyoraDatabaseInterface'
2026-06-05T01:40:07.292+0530 [DEBUG] [org.gradle.internal.operations.DefaultBuildOperationRunner] Build operation 'Task :nyora-web-shared:generateCommonMainNyoraDatabaseInterface' completed
2026-06-05T01:40:07.291+0530 [DEBUG] [org.gradle.internal.operations.DefaultBuildOperationRunner] Completing Build operation 'Fingerprint transform inputs'
2026-06-05T01:40:07.292+0530 [DEBUG] [org.gradle.internal.operations.DefaultBuildOperationRunner] Completing Build operation 'Snapshot inputs and outputs before executing task ':app:generateDebugResValues''
2026-06-05T01:40:07.293+0530 [DEBUG] [org.gradle.internal.operations.DefaultBuildOperationRunner] Completing Build operation 'Snapshot task inputs for :app:generateDebugResValues'
2026-06-05T01:40:07.287+0530 [LIFECYCLE] [class org.gradle.internal.buildevents.TaskExecutionLogger] 
2026-06-05T01:40:07.287+0530 [LIFECYCLE] [class org.gradle.internal.buildevents.TaskExecutionLogger] > Task :app:generateDebugResValues UP-TO-DATE
2026-06-05T01:40:07.287+0530 [DEBUG] [org.gradle.api.internal.tasks.execution.ResolveTaskExecutionModeExecuter] Putting task artifact state for task ':app:generateDebugResValues' into context took 0.0 secs.
2026-06-05T01:40:07.291+0530 [DEBUG] [org.gradle.internal.execution.steps.AbstractCaptureStateBeforeExecutionStep] Implementation for task ':app:generateDebugResValues': com.android.build.gradle.tasks.GenerateResValues_Decorated@f04db97316edebf2f33521b44f96dddf
2026-06-05T01:40:07.291+0530 [DEBUG] [org.gradle.internal.execution.steps.AbstractCaptureStateBeforeExecutionStep] Additional implementations for task ':app:generateDebugResValues': [com.android.build.gradle.tasks.GenerateResValues_Decorated@f04db97316edebf2f33521b44f96dddf]
2026-06-05T01:40:07.292+0530 [DEBUG] [org.gradle.internal.operations.DefaultBuildOperationRunner] Build operation 'Snapshot inputs and outputs before executing task ':app:generateDebugResValues'' completed
2026-06-05T01:40:07.293+0530 [INFO] [org.gradle.internal.execution.steps.AbstractResolveCachingStateStep] Build cache key for task ':app:generateDebugResValues' is 3b950bb77cba90edccdbf092d15af08b
2026-06-05T01:40:07.293+0530 [DEBUG] [org.gradle.internal.operations.DefaultBuildOperationRunner] Build operation 'Snapshot task inputs for :app:generateDebugResValues' completed
2026-06-05T01:40:07.293+0530 [DEBUG] [org.gradle.internal.execution.steps.SkipUpToDateStep] Determining if task ':app:generateDebugResValues' is up-to-date
2026-06-05T01:40:07.293+0530 [INFO] [org.gradle.internal.execution.steps.SkipUpToDateStep] Skipping task ':app:generateDebugResValues' as it is up-to-date.
2026-06-05T01:40:07.293+0530 [DEBUG] [org.gradle.api.internal.tasks.execution.ResolveTaskExecutionModeExecuter] Removed task artifact state for task ':app:generateDebugResValues' from context.
2026-06-05T01:40:07.293+0530 [DEBUG] [org.gradle.internal.operations.DefaultBuildOperationRunner] Completing Build operation 'Task :app:generateDebugResValues'
2026-06-05T01:40:07.293+0530 [DEBUG] [org.gradle.internal.operations.DefaultBuildOperationRunner] Build operation 'Task :app:generateDebugResValues' completed
2026-06-05T01:40:07.290+0530 [DEBUG] [org.gradle.execution.plan.DefaultFinalizedExecutionPlan] Node Resolve mutations for :app:generateDebugBuildConfig finished executing
2026-06-05T01:40:07.294+0530 [INFO] [org.gradle.execution.plan.DefaultPlanExecutor] :app:generateDebugBuildConfig (Thread[#1694,Execution worker Thread 7,5,main]) started.
2026-06-05T01:40:07.290+0530 [DEBUG] [org.gradle.internal.operations.DefaultBuildOperationRunner] Completing Build operation 'Fingerprint transform inputs'
2026-06-05T01:40:07.290+0530 [DEBUG] [org.gradle.internal.operations.DefaultBuildOperationRunner] Completing Build operation 'Task :nyora-web-shared:jvmProcessResources'
2026-06-05T01:40:07.294+0530 [DEBUG] [org.gradle.internal.operations.DefaultBuildOperationRunner] Build operation 'Task :nyora-web-shared:jvmProcessResources' completed
2026-06-05T01:40:07.294+0530 [DEBUG] [org.gradle.internal.operations.DefaultBuildOperationRunner] Build operation 'Fingerprint transform inputs' started
2026-06-05T01:40:07.294+0530 [DEBUG] [org.gradle.internal.operations.DefaultBuildOperationRunner] Build operation 'Task :app:generateDebugBuildConfig' started
2026-06-05T01:40:07.294+0530 [DEBUG] [org.gradle.internal.operations.DefaultBuildOperationRunner] Completing Build operation 'Fingerprint transform inputs'
2026-06-05T01:40:07.294+0530 [DEBUG] [org.gradle.internal.operations.DefaultBuildOperationRunner] Build operation 'Snapshot task inputs for :app:generateDebugBuildConfig' started
2026-06-05T01:40:07.295+0530 [DEBUG] [org.gradle.internal.operations.DefaultBuildOperationRunner] Build operation 'Snapshot inputs and outputs before executing task ':app:generateDebugBuildConfig'' started
2026-06-05T01:40:07.295+0530 [DEBUG] [org.gradle.internal.operations.DefaultBuildOperationRunner] Completing Build operation 'Snapshot inputs and outputs before executing task ':app:generateDebugBuildConfig''
2026-06-05T01:40:07.295+0530 [DEBUG] [org.gradle.internal.operations.DefaultBuildOperationRunner] Build operation 'Fingerprint transform inputs' started
2026-06-05T01:40:07.295+0530 [DEBUG] [org.gradle.internal.operations.DefaultBuildOperationRunner] Completing Build operation 'Fingerprint transform inputs'
2026-06-05T01:40:07.292+0530 [DEBUG] [org.gradle.internal.operations.DefaultBuildOperationRunner] Completing Build operation 'Snapshot inputs and outputs before executing task ':translator:compileKotlin''
2026-06-05T01:40:07.296+0530 [DEBUG] [org.gradle.execution.plan.DefaultFinalizedExecutionPlan] Node :app:generateDebugResValues completed, executed: true
2026-06-05T01:40:07.296+0530 [DEBUG] [org.gradle.execution.plan.DefaultFinalizedExecutionPlan] Node :app:generateDebugResValues finished executing
2026-06-05T01:40:07.296+0530 [INFO] [org.gradle.execution.plan.DefaultPlanExecutor] Resolve mutations for :app:generateDebugResources (Thread[#1689,Execution worker Thread 2,5,main]) started.
2026-06-05T01:40:07.296+0530 [DEBUG] [org.gradle.internal.operations.DefaultBuildOperationRunner] Build operation 'Resolve mutations for task :app:generateDebugResources' started
2026-06-05T01:40:07.296+0530 [DEBUG] [org.gradle.internal.operations.DefaultBuildOperationRunner] Completing Build operation 'Snapshot task inputs for :app:generateDebugBuildConfig'
2026-06-05T01:40:07.296+0530 [DEBUG] [org.gradle.execution.plan.DefaultFinalizedExecutionPlan] Node :nyora-web-shared:generateCommonMainNyoraDatabaseInterface completed, executed: true
2026-06-05T01:40:07.298+0530 [DEBUG] [org.gradle.execution.plan.DefaultFinalizedExecutionPlan] Node :nyora-web-shared:generateCommonMainNyoraDatabaseInterface finished executing
2026-06-05T01:40:07.298+0530 [INFO] [org.gradle.execution.plan.DefaultPlanExecutor] Resolve mutations for :nyora-web-shared:compileKotlinJvm (Thread[#1693,Execution worker Thread 6,5,main]) started.
2026-06-05T01:40:07.298+0530 [DEBUG] [org.gradle.internal.operations.DefaultBuildOperationRunner] Build operation 'Resolve mutations for task :nyora-web-shared:compileKotlinJvm' started
2026-06-05T01:40:07.296+0530 [DEBUG] [org.gradle.internal.operations.DefaultBuildOperationRunner] Completing Build operation 'Resolve mutations for task :app:generateDebugResources'
2026-06-05T01:40:07.299+0530 [DEBUG] [org.gradle.internal.operations.DefaultBuildOperationRunner] Build operation 'Resolve mutations for task :app:generateDebugResources' completed
2026-06-05T01:40:07.299+0530 [DEBUG] [org.gradle.execution.plan.DefaultFinalizedExecutionPlan] Node Resolve mutations for :app:generateDebugResources completed, executed: true
2026-06-05T01:40:07.299+0530 [DEBUG] [org.gradle.execution.plan.DefaultFinalizedExecutionPlan] Node Resolve mutations for :app:generateDebugResources finished executing
2026-06-05T01:40:07.299+0530 [INFO] [org.gradle.execution.plan.DefaultPlanExecutor] :app:generateDebugResources (Thread[#1689,Execution worker Thread 2,5,main]) started.
2026-06-05T01:40:07.299+0530 [DEBUG] [org.gradle.internal.operations.DefaultBuildOperationRunner] Build operation 'Task :app:generateDebugResources' started
2026-06-05T01:40:07.299+0530 [DEBUG] [org.gradle.internal.operations.DefaultBuildOperationRunner] Completing Build operation 'Snapshot task inputs for :translator:compileKotlin'
2026-06-05T01:40:07.294+0530 [LIFECYCLE] [class org.gradle.internal.buildevents.TaskExecutionLogger] 
2026-06-05T01:40:07.294+0530 [LIFECYCLE] [class org.gradle.internal.buildevents.TaskExecutionLogger] > Task :app:generateDebugBuildConfig UP-TO-DATE
2026-06-05T01:40:07.294+0530 [DEBUG] [org.gradle.api.internal.tasks.execution.ResolveTaskExecutionModeExecuter] Putting task artifact state for task ':app:generateDebugBuildConfig' into context took 0.0 secs.
2026-06-05T01:40:07.295+0530 [DEBUG] [org.gradle.internal.execution.steps.AbstractCaptureStateBeforeExecutionStep] Implementation for task ':app:generateDebugBuildConfig': com.android.build.gradle.tasks.GenerateBuildConfig_Decorated@f04db97316edebf2f33521b44f96dddf
2026-06-05T01:40:07.295+0530 [DEBUG] [org.gradle.internal.execution.steps.AbstractCaptureStateBeforeExecutionStep] Additional implementations for task ':app:generateDebugBuildConfig': [com.android.build.gradle.tasks.GenerateBuildConfig_Decorated@f04db97316edebf2f33521b44f96dddf]
2026-06-05T01:40:07.295+0530 [DEBUG] [org.gradle.internal.operations.DefaultBuildOperationRunner] Build operation 'Snapshot inputs and outputs before executing task ':app:generateDebugBuildConfig'' completed
2026-06-05T01:40:07.295+0530 [INFO] [org.gradle.internal.execution.steps.AbstractResolveCachingStateStep] Build cache key for task ':app:generateDebugBuildConfig' is 4381183989ac64676e90c825cccd2ad8
2026-06-05T01:40:07.296+0530 [DEBUG] [org.gradle.internal.operations.DefaultBuildOperationRunner] Build operation 'Snapshot task inputs for :app:generateDebugBuildConfig' completed
2026-06-05T01:40:07.296+0530 [DEBUG] [org.gradle.internal.execution.steps.SkipUpToDateStep] Determining if task ':app:generateDebugBuildConfig' is up-to-date
2026-06-05T01:40:07.296+0530 [INFO] [org.gradle.internal.execution.steps.SkipUpToDateStep] Skipping task ':app:generateDebugBuildConfig' as it is up-to-date.
2026-06-05T01:40:07.296+0530 [DEBUG] [org.gradle.api.internal.tasks.execution.ResolveTaskExecutionModeExecuter] Removed task artifact state for task ':app:generateDebugBuildConfig' from context.
2026-06-05T01:40:07.300+0530 [DEBUG] [org.gradle.internal.operations.DefaultBuildOperationRunner] Completing Build operation 'Task :app:generateDebugBuildConfig'
2026-06-05T01:40:07.300+0530 [DEBUG] [org.gradle.internal.operations.DefaultBuildOperationRunner] Build operation 'Task :app:generateDebugBuildConfig' completed
2026-06-05T01:40:07.300+0530 [DEBUG] [org.gradle.internal.operations.DefaultBuildOperationRunner] Completing Build operation 'Snapshot inputs and outputs before executing task ':app:checkDebugAarMetadata''
2026-06-05T01:40:07.301+0530 [DEBUG] [org.gradle.internal.operations.DefaultBuildOperationRunner] Completing Build operation 'Snapshot task inputs for :app:checkDebugAarMetadata'
2026-06-05T01:40:07.290+0530 [LIFECYCLE] [class org.gradle.internal.buildevents.TaskExecutionLogger] 
2026-06-05T01:40:07.290+0530 [LIFECYCLE] [class org.gradle.internal.buildevents.TaskExecutionLogger] > Task :app:checkDebugAarMetadata UP-TO-DATE
2026-06-05T01:40:07.290+0530 [DEBUG] [org.gradle.api.internal.tasks.execution.ResolveTaskExecutionModeExecuter] Putting task artifact state for task ':app:checkDebugAarMetadata' into context took 0.0 secs.
2026-06-05T01:40:07.291+0530 [DEBUG] [org.gradle.internal.execution.steps.AbstractCaptureStateBeforeExecutionStep] Implementation for task ':app:checkDebugAarMetadata': com.android.build.gradle.internal.tasks.CheckAarMetadataTask_Decorated@f04db97316edebf2f33521b44f96dddf
2026-06-05T01:40:07.293+0530 [DEBUG] [org.gradle.internal.execution.steps.AbstractCaptureStateBeforeExecutionStep] Additional implementations for task ':app:checkDebugAarMetadata': [com.android.build.gradle.internal.tasks.CheckAarMetadataTask_Decorated@f04db97316edebf2f33521b44f96dddf]
2026-06-05T01:40:07.294+0530 [DEBUG] [org.gradle.internal.resources.AbstractTrackedResourceLock] Execution worker Thread 3: released lock on worker lease
2026-06-05T01:40:07.295+0530 [DEBUG] [org.gradle.internal.resources.AbstractTrackedResourceLock] Execution worker Thread 3: acquired lock on worker lease
2026-06-05T01:40:07.296+0530 [DEBUG] [org.gradle.internal.operations.DefaultBuildOperationRunner] Build operation 'Fingerprint transform inputs' completed
2026-06-05T01:40:07.301+0530 [DEBUG] [org.gradle.internal.operations.DefaultBuildOperationRunner] Build operation 'Snapshot inputs and outputs before executing task ':app:checkDebugAarMetadata'' completed
2026-06-05T01:40:07.301+0530 [INFO] [org.gradle.internal.execution.steps.AbstractResolveCachingStateStep] Caching disabled for task ':app:checkDebugAarMetadata' because:
  Caching has been disabled for the task
2026-06-05T01:40:07.301+0530 [DEBUG] [org.gradle.internal.operations.DefaultBuildOperationRunner] Build operation 'Snapshot task inputs for :app:checkDebugAarMetadata' completed
2026-06-05T01:40:07.301+0530 [DEBUG] [org.gradle.internal.execution.steps.SkipUpToDateStep] Determining if task ':app:checkDebugAarMetadata' is up-to-date
2026-06-05T01:40:07.301+0530 [INFO] [org.gradle.internal.execution.steps.SkipUpToDateStep] Skipping task ':app:checkDebugAarMetadata' as it is up-to-date.
2026-06-05T01:40:07.301+0530 [DEBUG] [org.gradle.api.internal.tasks.execution.ResolveTaskExecutionModeExecuter] Removed task artifact state for task ':app:checkDebugAarMetadata' from context.
2026-06-05T01:40:07.301+0530 [DEBUG] [org.gradle.internal.operations.DefaultBuildOperationRunner] Completing Build operation 'Task :app:checkDebugAarMetadata'
2026-06-05T01:40:07.301+0530 [DEBUG] [org.gradle.internal.operations.DefaultBuildOperationRunner] Build operation 'Task :app:checkDebugAarMetadata' completed
2026-06-05T01:40:07.301+0530 [DEBUG] [org.gradle.internal.operations.DefaultBuildOperationRunner] Build operation 'Fingerprint transform inputs' started
2026-06-05T01:40:07.299+0530 [DEBUG] [org.gradle.internal.operations.DefaultBuildOperationRunner] Completing Build operation 'Snapshot inputs and outputs before executing task ':app:processDebugNavigationResources''
2026-06-05T01:40:07.302+0530 [DEBUG] [org.gradle.internal.operations.DefaultBuildOperationRunner] Build operation 'Snapshot task inputs for :app:generateDebugResources' started
2026-06-05T01:40:07.302+0530 [DEBUG] [org.gradle.internal.operations.DefaultBuildOperationRunner] Build operation 'Snapshot inputs and outputs before executing task ':app:generateDebugResources'' started
2026-06-05T01:40:07.299+0530 [DEBUG] [org.gradle.internal.operations.DefaultBuildOperationRunner] Completing Build operation 'Resolve mutations for task :nyora-web-shared:compileKotlinJvm'
2026-06-05T01:40:07.302+0530 [DEBUG] [org.gradle.internal.operations.DefaultBuildOperationRunner] Build operation 'Resolve mutations for task :nyora-web-shared:compileKotlinJvm' completed
2026-06-05T01:40:07.302+0530 [DEBUG] [org.gradle.internal.operations.DefaultBuildOperationRunner] Completing Build operation 'Snapshot task inputs for :app:processDebugNavigationResources'
2026-06-05T01:40:07.289+0530 [LIFECYCLE] [class org.gradle.internal.buildevents.TaskExecutionLogger] 
2026-06-05T01:40:07.289+0530 [LIFECYCLE] [class org.gradle.internal.buildevents.TaskExecutionLogger] > Task :app:processDebugNavigationResources UP-TO-DATE
2026-06-05T01:40:07.289+0530 [DEBUG] [org.gradle.api.internal.tasks.execution.ResolveTaskExecutionModeExecuter] Putting task artifact state for task ':app:processDebugNavigationResources' into context took 0.0 secs.
2026-06-05T01:40:07.290+0530 [DEBUG] [org.gradle.internal.execution.steps.AbstractCaptureStateBeforeExecutionStep] Implementation for task ':app:processDebugNavigationResources': com.android.build.gradle.internal.tasks.ProcessNavigationXmlTask_Decorated@f04db97316edebf2f33521b44f96dddf
2026-06-05T01:40:07.290+0530 [DEBUG] [org.gradle.internal.execution.steps.AbstractCaptureStateBeforeExecutionStep] Additional implementations for task ':app:processDebugNavigationResources': [com.android.build.gradle.internal.tasks.ProcessNavigationXmlTask_Decorated@f04db97316edebf2f33521b44f96dddf]
2026-06-05T01:40:07.294+0530 [DEBUG] [org.gradle.internal.operations.DefaultBuildOperationRunner] Build operation 'Fingerprint transform inputs' completed
2026-06-05T01:40:07.294+0530 [DEBUG] [org.gradle.internal.operations.DefaultBuildOperationRunner] Build operation 'Fingerprint transform inputs' completed
2026-06-05T01:40:07.302+0530 [DEBUG] [org.gradle.internal.operations.DefaultBuildOperationRunner] Build operation 'Snapshot inputs and outputs before executing task ':app:processDebugNavigationResources'' completed
2026-06-05T01:40:07.302+0530 [INFO] [org.gradle.internal.execution.steps.AbstractResolveCachingStateStep] Build cache key for task ':app:processDebugNavigationResources' is 5c30f8c4a9f0b711ef5fed2a767e962b
2026-06-05T01:40:07.302+0530 [DEBUG] [org.gradle.internal.operations.DefaultBuildOperationRunner] Build operation 'Snapshot task inputs for :app:processDebugNavigationResources' completed
2026-06-05T01:40:07.302+0530 [DEBUG] [org.gradle.internal.execution.steps.SkipUpToDateStep] Determining if task ':app:processDebugNavigationResources' is up-to-date
2026-06-05T01:40:07.302+0530 [INFO] [org.gradle.internal.execution.steps.SkipUpToDateStep] Skipping task ':app:processDebugNavigationResources' as it is up-to-date.
2026-06-05T01:40:07.302+0530 [DEBUG] [org.gradle.api.internal.tasks.execution.ResolveTaskExecutionModeExecuter] Removed task artifact state for task ':app:processDebugNavigationResources' from context.
2026-06-05T01:40:07.302+0530 [DEBUG] [org.gradle.internal.operations.DefaultBuildOperationRunner] Completing Build operation 'Task :app:processDebugNavigationResources'
2026-06-05T01:40:07.303+0530 [DEBUG] [org.gradle.internal.operations.DefaultBuildOperationRunner] Build operation 'Task :app:processDebugNavigationResources' completed
2026-06-05T01:40:07.301+0530 [DEBUG] [org.gradle.execution.plan.DefaultFinalizedExecutionPlan] Node :nyora-web-shared:jvmProcessResources completed, executed: true
2026-06-05T01:40:07.301+0530 [DEBUG] [org.gradle.internal.operations.DefaultBuildOperationRunner] Completing Build operation 'Fingerprint transform inputs'
2026-06-05T01:40:07.303+0530 [DEBUG] [org.gradle.execution.plan.DefaultFinalizedExecutionPlan] Node :nyora-web-shared:jvmProcessResources finished executing
2026-06-05T01:40:07.303+0530 [DEBUG] [org.gradle.internal.operations.DefaultBuildOperationRunner] Completing Build operation 'Snapshot inputs and outputs before executing task ':app:generateDebugResources''
2026-06-05T01:40:07.283+0530 [LIFECYCLE] [class org.gradle.internal.buildevents.TaskExecutionLogger] 
2026-06-05T01:40:07.283+0530 [LIFECYCLE] [class org.gradle.internal.buildevents.TaskExecutionLogger] > Task :translator:compileKotlin UP-TO-DATE
2026-06-05T01:40:07.284+0530 [DEBUG] [org.gradle.api.internal.tasks.execution.ResolveTaskExecutionModeExecuter] Putting task artifact state for task ':translator:compileKotlin' into context took 0.0 secs.
2026-06-05T01:40:07.290+0530 [DEBUG] [org.gradle.internal.execution.steps.AbstractCaptureStateBeforeExecutionStep] Implementation for task ':translator:compileKotlin': org.jetbrains.kotlin.gradle.tasks.KotlinCompile_Decorated@f04db97316edebf2f33521b44f96dddf
2026-06-05T01:40:07.290+0530 [DEBUG] [org.gradle.internal.execution.steps.AbstractCaptureStateBeforeExecutionStep] Additional implementations for task ':translator:compileKotlin': [org.jetbrains.kotlin.gradle.tasks.KotlinCompile_Decorated@f04db97316edebf2f33521b44f96dddf]
2026-06-05T01:40:07.292+0530 [DEBUG] [org.gradle.internal.operations.DefaultBuildOperationRunner] Build operation 'Fingerprint transform inputs' completed
2026-06-05T01:40:07.296+0530 [DEBUG] [org.gradle.internal.operations.DefaultBuildOperationRunner] Build operation 'Snapshot inputs and outputs before executing task ':translator:compileKotlin'' completed
2026-06-05T01:40:07.299+0530 [INFO] [org.gradle.internal.execution.steps.AbstractResolveCachingStateStep] Build cache key for task ':translator:compileKotlin' is 961ecfb1db5dc10709871855ea1d7e79
2026-06-05T01:40:07.300+0530 [DEBUG] [org.gradle.internal.operations.DefaultBuildOperationRunner] Build operation 'Snapshot task inputs for :translator:compileKotlin' completed
2026-06-05T01:40:07.300+0530 [DEBUG] [org.gradle.internal.execution.steps.SkipUpToDateStep] Determining if task ':translator:compileKotlin' is up-to-date
2026-06-05T01:40:07.300+0530 [INFO] [org.gradle.internal.execution.steps.SkipUpToDateStep] Skipping task ':translator:compileKotlin' as it is up-to-date.
2026-06-05T01:40:07.300+0530 [DEBUG] [org.gradle.api.internal.tasks.execution.ResolveTaskExecutionModeExecuter] Removed task artifact state for task ':translator:compileKotlin' from context.
2026-06-05T01:40:07.303+0530 [DEBUG] [org.gradle.execution.plan.DefaultFinalizedExecutionPlan] Node :app:processDebugNavigationResources completed, executed: true
2026-06-05T01:40:07.303+0530 [DEBUG] [org.gradle.execution.plan.DefaultFinalizedExecutionPlan] Node :app:processDebugNavigationResources finished executing
2026-06-05T01:40:07.303+0530 [INFO] [org.gradle.execution.plan.DefaultPlanExecutor] Resolve mutations for :app:mapDebugSourceSetPaths (Thread[#1687,included builds,5,main]) started.
2026-06-05T01:40:07.303+0530 [DEBUG] [org.gradle.internal.operations.DefaultBuildOperationRunner] Build operation 'Resolve mutations for task :app:mapDebugSourceSetPaths' started
2026-06-05T01:40:07.303+0530 [DEBUG] [org.gradle.internal.operations.DefaultBuildOperationRunner] Completing Build operation 'Snapshot task inputs for :app:generateDebugResources'
2026-06-05T01:40:07.299+0530 [LIFECYCLE] [class org.gradle.internal.buildevents.TaskExecutionLogger] 
2026-06-05T01:40:07.299+0530 [LIFECYCLE] [class org.gradle.internal.buildevents.TaskExecutionLogger] > Task :app:generateDebugResources UP-TO-DATE
2026-06-05T01:40:07.299+0530 [DEBUG] [org.gradle.api.internal.tasks.execution.ResolveTaskExecutionModeExecuter] Putting task artifact state for task ':app:generateDebugResources' into context took 0.0 secs.
2026-06-05T01:40:07.302+0530 [DEBUG] [org.gradle.internal.execution.steps.AbstractCaptureStateBeforeExecutionStep] Implementation for task ':app:generateDebugResources': com.android.build.gradle.internal.tasks.ValidateResourcesTask_Decorated@f04db97316edebf2f33521b44f96dddf
2026-06-05T01:40:07.303+0530 [DEBUG] [org.gradle.internal.execution.steps.AbstractCaptureStateBeforeExecutionStep] Additional implementations for task ':app:generateDebugResources': [com.android.build.gradle.internal.tasks.ValidateResourcesTask_Decorated@f04db97316edebf2f33521b44f96dddf]
2026-06-05T01:40:07.303+0530 [DEBUG] [org.gradle.internal.operations.DefaultBuildOperationRunner] Build operation 'Snapshot inputs and outputs before executing task ':app:generateDebugResources'' completed
2026-06-05T01:40:07.303+0530 [INFO] [org.gradle.internal.execution.steps.AbstractResolveCachingStateStep] Build cache key for task ':app:generateDebugResources' is e7882b63fcfbcca58476163b487786d0
2026-06-05T01:40:07.304+0530 [DEBUG] [org.gradle.internal.operations.DefaultBuildOperationRunner] Build operation 'Snapshot task inputs for :app:generateDebugResources' completed
2026-06-05T01:40:07.304+0530 [DEBUG] [org.gradle.internal.execution.steps.SkipUpToDateStep] Determining if task ':app:generateDebugResources' is up-to-date
2026-06-05T01:40:07.304+0530 [INFO] [org.gradle.internal.execution.steps.SkipUpToDateStep] Skipping task ':app:generateDebugResources' as it is up-to-date.
2026-06-05T01:40:07.304+0530 [DEBUG] [org.gradle.api.internal.tasks.execution.ResolveTaskExecutionModeExecuter] Removed task artifact state for task ':app:generateDebugResources' from context.
2026-06-05T01:40:07.304+0530 [DEBUG] [org.gradle.internal.operations.DefaultBuildOperationRunner] Completing Build operation 'Task :app:generateDebugResources'
2026-06-05T01:40:07.304+0530 [DEBUG] [org.gradle.internal.operations.DefaultBuildOperationRunner] Build operation 'Task :app:generateDebugResources' completed
2026-06-05T01:40:07.304+0530 [DEBUG] [org.gradle.execution.plan.DefaultFinalizedExecutionPlan] Node :app:generateDebugResources completed, executed: true
2026-06-05T01:40:07.304+0530 [DEBUG] [org.gradle.execution.plan.DefaultFinalizedExecutionPlan] Node :app:generateDebugResources finished executing
2026-06-05T01:40:07.304+0530 [INFO] [org.gradle.execution.plan.DefaultPlanExecutor] Resolve mutations for :app:mergeDebugResources (Thread[#1689,Execution worker Thread 2,5,main]) started.
2026-06-05T01:40:07.304+0530 [DEBUG] [org.gradle.internal.operations.DefaultBuildOperationRunner] Build operation 'Resolve mutations for task :app:mergeDebugResources' started
2026-06-05T01:40:07.305+0530 [DEBUG] [org.gradle.internal.operations.DefaultBuildOperationRunner] Completing Build operation 'Resolve mutations for task :app:mergeDebugResources'
2026-06-05T01:40:07.305+0530 [DEBUG] [org.gradle.internal.operations.DefaultBuildOperationRunner] Build operation 'Resolve mutations for task :app:mergeDebugResources' completed
2026-06-05T01:40:07.305+0530 [DEBUG] [org.gradle.execution.plan.DefaultFinalizedExecutionPlan] Node Resolve mutations for :app:mergeDebugResources completed, executed: true
2026-06-05T01:40:07.305+0530 [DEBUG] [org.gradle.execution.plan.DefaultFinalizedExecutionPlan] Node Resolve mutations for :app:mergeDebugResources finished executing
2026-06-05T01:40:07.305+0530 [DEBUG] [org.gradle.internal.resources.AbstractTrackedResourceLock] Execution worker Thread 2: acquired lock on lease for com.android.build.gradle.internal.services.Aapt2DaemonBuildService_ebe4437d-60db-49c9-ad8d-46d94064ae56
2026-06-05T01:40:07.305+0530 [INFO] [org.gradle.execution.plan.DefaultPlanExecutor] :app:mergeDebugResources (Thread[#1689,Execution worker Thread 2,5,main]) started.
2026-06-05T01:40:07.306+0530 [DEBUG] [org.gradle.internal.operations.DefaultBuildOperationRunner] Build operation 'Task :app:mergeDebugResources' started
2026-06-05T01:40:07.306+0530 [DEBUG] [org.gradle.internal.operations.DefaultBuildOperationRunner] Build operation 'Snapshot task inputs for :app:mergeDebugResources' started
2026-06-05T01:40:07.306+0530 [DEBUG] [org.gradle.internal.operations.DefaultBuildOperationRunner] Build operation 'Snapshot inputs and outputs before executing task ':app:mergeDebugResources'' started
2026-06-05T01:40:07.303+0530 [INFO] [org.gradle.execution.plan.DefaultPlanExecutor] Resolve mutations for :nyora-web-shared:processJvmMainResources (Thread[#1692,Execution worker Thread 5,5,main]) started.
2026-06-05T01:40:07.307+0530 [DEBUG] [org.gradle.internal.operations.DefaultBuildOperationRunner] Build operation 'Resolve mutations for task :nyora-web-shared:processJvmMainResources' started
2026-06-05T01:40:07.307+0530 [DEBUG] [org.gradle.internal.operations.DefaultBuildOperationRunner] Completing Build operation 'Resolve mutations for task :nyora-web-shared:processJvmMainResources'
2026-06-05T01:40:07.307+0530 [DEBUG] [org.gradle.internal.operations.DefaultBuildOperationRunner] Build operation 'Resolve mutations for task :nyora-web-shared:processJvmMainResources' completed
2026-06-05T01:40:07.307+0530 [DEBUG] [org.gradle.internal.operations.DefaultBuildOperationRunner] Build operation 'Fingerprint transform inputs' started
2026-06-05T01:40:07.303+0530 [DEBUG] [org.gradle.internal.operations.DefaultBuildOperationRunner] Completing Build operation 'Resolve mutations for task :app:mapDebugSourceSetPaths'
2026-06-05T01:40:07.307+0530 [DEBUG] [org.gradle.internal.operations.DefaultBuildOperationRunner] Build operation 'Resolve mutations for task :app:mapDebugSourceSetPaths' completed
2026-06-05T01:40:07.303+0530 [DEBUG] [org.gradle.internal.operations.DefaultBuildOperationRunner] Completing Build operation 'Task :translator:compileKotlin'
2026-06-05T01:40:07.308+0530 [DEBUG] [org.gradle.internal.operations.DefaultBuildOperationRunner] Build operation 'Task :translator:compileKotlin' completed
2026-06-05T01:40:07.307+0530 [DEBUG] [org.gradle.internal.operations.DefaultBuildOperationRunner] Completing Build operation 'Fingerprint transform inputs'
2026-06-05T01:40:07.308+0530 [DEBUG] [org.gradle.execution.plan.DefaultFinalizedExecutionPlan] Node Resolve mutations for :nyora-web-shared:compileKotlinJvm completed, executed: true
2026-06-05T01:40:07.309+0530 [DEBUG] [org.gradle.execution.plan.DefaultFinalizedExecutionPlan] Node Resolve mutations for :nyora-web-shared:compileKotlinJvm finished executing
2026-06-05T01:40:07.312+0530 [DEBUG] [org.gradle.internal.operations.DefaultBuildOperationRunner] Completing Build operation 'Snapshot inputs and outputs before executing task ':app:mergeDebugResources''
2026-06-05T01:40:07.310+0530 [DEBUG] [org.gradle.internal.operations.DefaultBuildOperationRunner] Completing Build operation 'Snapshot inputs and outputs before executing task ':app:dataBindingMergeDependencyArtifactsDebug''
2026-06-05T01:40:07.315+0530 [DEBUG] [org.gradle.execution.plan.DefaultFinalizedExecutionPlan] Node :app:checkDebugAarMetadata completed, executed: true
2026-06-05T01:40:07.315+0530 [INFO] [org.gradle.execution.plan.DefaultPlanExecutor] :nyora-web-shared:compileKotlinJvm (Thread[#1693,Execution worker Thread 6,5,main]) started.
2026-06-05T01:40:07.316+0530 [DEBUG] [org.gradle.internal.operations.DefaultBuildOperationRunner] Build operation 'Task :nyora-web-shared:compileKotlinJvm' started
2026-06-05T01:40:07.316+0530 [DEBUG] [org.gradle.execution.plan.DefaultFinalizedExecutionPlan] Node :app:checkDebugAarMetadata finished executing
2026-06-05T01:40:07.316+0530 [INFO] [org.gradle.execution.plan.DefaultPlanExecutor] Resolve mutations for :app:packageDebugResources (Thread[#1690,Execution worker Thread 3,5,main]) started.
2026-06-05T01:40:07.316+0530 [DEBUG] [org.gradle.internal.operations.DefaultBuildOperationRunner] Build operation 'Resolve mutations for task :app:packageDebugResources' started
2026-06-05T01:40:07.316+0530 [DEBUG] [org.gradle.internal.operations.DefaultBuildOperationRunner] Completing Build operation 'Snapshot task inputs for :app:mergeDebugResources'
2026-06-05T01:40:07.316+0530 [DEBUG] [org.gradle.execution.plan.DefaultFinalizedExecutionPlan] Node :app:generateDebugBuildConfig completed, executed: true
2026-06-05T01:40:07.317+0530 [DEBUG] [org.gradle.internal.operations.DefaultBuildOperationRunner] Completing Build operation 'Resolve mutations for task :app:packageDebugResources'
2026-06-05T01:40:07.317+0530 [DEBUG] [org.gradle.internal.operations.DefaultBuildOperationRunner] Build operation 'Resolve mutations for task :app:packageDebugResources' completed
2026-06-05T01:40:07.316+0530 [DEBUG] [org.gradle.internal.operations.DefaultBuildOperationRunner] Completing Build operation 'Snapshot task inputs for :app:dataBindingMergeDependencyArtifactsDebug'
2026-06-05T01:40:07.289+0530 [LIFECYCLE] [class org.gradle.internal.buildevents.TaskExecutionLogger] 
2026-06-05T01:40:07.289+0530 [LIFECYCLE] [class org.gradle.internal.buildevents.TaskExecutionLogger] > Task :app:dataBindingMergeDependencyArtifactsDebug UP-TO-DATE
2026-06-05T01:40:07.291+0530 [DEBUG] [org.gradle.api.internal.tasks.execution.ResolveTaskExecutionModeExecuter] Putting task artifact state for task ':app:dataBindingMergeDependencyArtifactsDebug' into context took 0.0 secs.
2026-06-05T01:40:07.291+0530 [DEBUG] [org.gradle.internal.execution.steps.AbstractCaptureStateBeforeExecutionStep] Implementation for task ':app:dataBindingMergeDependencyArtifactsDebug': com.android.build.gradle.internal.tasks.databinding.DataBindingMergeDependencyArtifactsTask_Decorated@f04db97316edebf2f33521b44f96dddf
2026-06-05T01:40:07.291+0530 [DEBUG] [org.gradle.internal.execution.steps.AbstractCaptureStateBeforeExecutionStep] Additional implementations for task ':app:dataBindingMergeDependencyArtifactsDebug': [com.android.build.gradle.internal.tasks.databinding.DataBindingMergeDependencyArtifactsTask_Decorated@f04db97316edebf2f33521b44f96dddf]
2026-06-05T01:40:07.299+0530 [DEBUG] [org.gradle.internal.resources.AbstractTrackedResourceLock] Execution worker Thread 4: released lock on worker lease
2026-06-05T01:40:07.299+0530 [DEBUG] [org.gradle.internal.resources.AbstractTrackedResourceLock] Execution worker Thread 4: acquired lock on worker lease
2026-06-05T01:40:07.303+0530 [DEBUG] [org.gradle.internal.operations.DefaultBuildOperationRunner] Build operation 'Fingerprint transform inputs' completed
2026-06-05T01:40:07.315+0530 [DEBUG] [org.gradle.internal.operations.DefaultBuildOperationRunner] Build operation 'Snapshot inputs and outputs before executing task ':app:dataBindingMergeDependencyArtifactsDebug'' completed
2026-06-05T01:40:07.316+0530 [INFO] [org.gradle.internal.execution.steps.AbstractResolveCachingStateStep] Caching disabled for task ':app:dataBindingMergeDependencyArtifactsDebug' because:
  Caching has been disabled for the task
2026-06-05T01:40:07.317+0530 [DEBUG] [org.gradle.internal.operations.DefaultBuildOperationRunner] Build operation 'Snapshot task inputs for :app:dataBindingMergeDependencyArtifactsDebug' completed
2026-06-05T01:40:07.317+0530 [DEBUG] [org.gradle.internal.execution.steps.SkipUpToDateStep] Determining if task ':app:dataBindingMergeDependencyArtifactsDebug' is up-to-date
2026-06-05T01:40:07.317+0530 [INFO] [org.gradle.internal.execution.steps.SkipUpToDateStep] Skipping task ':app:dataBindingMergeDependencyArtifactsDebug' as it is up-to-date.
2026-06-05T01:40:07.317+0530 [DEBUG] [org.gradle.api.internal.tasks.execution.ResolveTaskExecutionModeExecuter] Removed task artifact state for task ':app:dataBindingMergeDependencyArtifactsDebug' from context.
2026-06-05T01:40:07.317+0530 [DEBUG] [org.gradle.internal.operations.DefaultBuildOperationRunner] Completing Build operation 'Task :app:dataBindingMergeDependencyArtifactsDebug'
2026-06-05T01:40:07.317+0530 [DEBUG] [org.gradle.internal.operations.DefaultBuildOperationRunner] Build operation 'Task :app:dataBindingMergeDependencyArtifactsDebug' completed
2026-06-05T01:40:07.306+0530 [LIFECYCLE] [class org.gradle.internal.buildevents.TaskExecutionLogger] 
2026-06-05T01:40:07.306+0530 [LIFECYCLE] [class org.gradle.internal.buildevents.TaskExecutionLogger] > Task :app:mergeDebugResources UP-TO-DATE
2026-06-05T01:40:07.306+0530 [DEBUG] [org.gradle.api.internal.tasks.execution.ResolveTaskExecutionModeExecuter] Putting task artifact state for task ':app:mergeDebugResources' into context took 0.0 secs.
2026-06-05T01:40:07.306+0530 [DEBUG] [org.gradle.internal.execution.steps.AbstractCaptureStateBeforeExecutionStep] Implementation for task ':app:mergeDebugResources': com.android.build.gradle.tasks.MergeResources_Decorated@f04db97316edebf2f33521b44f96dddf
2026-06-05T01:40:07.306+0530 [DEBUG] [org.gradle.internal.execution.steps.AbstractCaptureStateBeforeExecutionStep] Additional implementations for task ':app:mergeDebugResources': [com.android.build.gradle.tasks.MergeResources_Decorated@f04db97316edebf2f33521b44f96dddf]
2026-06-05T01:40:07.308+0530 [DEBUG] [org.gradle.internal.operations.DefaultBuildOperationRunner] Build operation 'Fingerprint transform inputs' completed
2026-06-05T01:40:07.315+0530 [DEBUG] [org.gradle.internal.operations.DefaultBuildOperationRunner] Build operation 'Snapshot inputs and outputs before executing task ':app:mergeDebugResources'' completed
2026-06-05T01:40:07.316+0530 [INFO] [org.gradle.internal.execution.steps.AbstractResolveCachingStateStep] Build cache key for task ':app:mergeDebugResources' is 77dfb0efaf4a87377ab0bc7af4ce09fc
2026-06-05T01:40:07.316+0530 [DEBUG] [org.gradle.internal.operations.DefaultBuildOperationRunner] Build operation 'Snapshot task inputs for :app:mergeDebugResources' completed
2026-06-05T01:40:07.316+0530 [DEBUG] [org.gradle.internal.execution.steps.SkipUpToDateStep] Determining if task ':app:mergeDebugResources' is up-to-date
2026-06-05T01:40:07.317+0530 [INFO] [org.gradle.internal.execution.steps.SkipUpToDateStep] Skipping task ':app:mergeDebugResources' as it is up-to-date.
2026-06-05T01:40:07.317+0530 [DEBUG] [org.gradle.api.internal.tasks.execution.ResolveTaskExecutionModeExecuter] Removed task artifact state for task ':app:mergeDebugResources' from context.
2026-06-05T01:40:07.317+0530 [DEBUG] [org.gradle.internal.operations.DefaultBuildOperationRunner] Build operation 'Snapshot task inputs for :nyora-web-shared:compileKotlinJvm' started
2026-06-05T01:40:07.317+0530 [DEBUG] [org.gradle.execution.plan.DefaultFinalizedExecutionPlan] Node :app:generateDebugBuildConfig finished executing
2026-06-05T01:40:07.317+0530 [DEBUG] [org.gradle.internal.operations.DefaultBuildOperationRunner] Completing Build operation 'Task :app:mergeDebugResources'
2026-06-05T01:40:07.317+0530 [DEBUG] [org.gradle.internal.operations.DefaultBuildOperationRunner] Build operation 'Task :app:mergeDebugResources' completed
2026-06-05T01:40:07.317+0530 [DEBUG] [org.gradle.execution.plan.DefaultFinalizedExecutionPlan] Node :app:dataBindingMergeDependencyArtifactsDebug completed, executed: true
2026-06-05T01:40:07.318+0530 [DEBUG] [org.gradle.execution.plan.DefaultFinalizedExecutionPlan] Node :app:dataBindingMergeDependencyArtifactsDebug finished executing
2026-06-05T01:40:07.318+0530 [INFO] [org.gradle.execution.plan.DefaultPlanExecutor] Resolve mutations for :app:extractDeepLinksDebug (Thread[#1691,Execution worker Thread 4,5,main]) started.
2026-06-05T01:40:07.318+0530 [DEBUG] [org.gradle.internal.operations.DefaultBuildOperationRunner] Build operation 'Resolve mutations for task :app:extractDeepLinksDebug' started
2026-06-05T01:40:07.317+0530 [INFO] [org.gradle.execution.plan.DefaultPlanExecutor] Resolve mutations for :app:createDebugCompatibleScreenManifests (Thread[#1694,Execution worker Thread 7,5,main]) started.
2026-06-05T01:40:07.318+0530 [DEBUG] [org.gradle.internal.operations.DefaultBuildOperationRunner] Build operation 'Resolve mutations for task :app:createDebugCompatibleScreenManifests' started
2026-06-05T01:40:07.318+0530 [DEBUG] [org.gradle.execution.plan.DefaultFinalizedExecutionPlan] Node Resolve mutations for :app:packageDebugResources completed, executed: true
2026-06-05T01:40:07.318+0530 [DEBUG] [org.gradle.execution.plan.DefaultFinalizedExecutionPlan] Node Resolve mutations for :app:packageDebugResources finished executing
2026-06-05T01:40:07.318+0530 [DEBUG] [org.gradle.internal.resources.AbstractTrackedResourceLock] Execution worker Thread 3: acquired lock on lease for com.android.build.gradle.internal.services.Aapt2DaemonBuildService_ebe4437d-60db-49c9-ad8d-46d94064ae56
2026-06-05T01:40:07.318+0530 [INFO] [org.gradle.execution.plan.DefaultPlanExecutor] :app:packageDebugResources (Thread[#1690,Execution worker Thread 3,5,main]) started.
2026-06-05T01:40:07.318+0530 [DEBUG] [org.gradle.internal.operations.DefaultBuildOperationRunner] Build operation 'Task :app:packageDebugResources' started
2026-06-05T01:40:07.319+0530 [DEBUG] [org.gradle.internal.operations.DefaultBuildOperationRunner] Build operation 'Snapshot task inputs for :app:packageDebugResources' started
2026-06-05T01:40:07.319+0530 [DEBUG] [org.gradle.internal.operations.DefaultBuildOperationRunner] Build operation 'Snapshot inputs and outputs before executing task ':app:packageDebugResources'' started
2026-06-05T01:40:07.319+0530 [DEBUG] [org.gradle.internal.operations.DefaultBuildOperationRunner] Completing Build operation 'Snapshot inputs and outputs before executing task ':app:packageDebugResources''
2026-06-05T01:40:07.320+0530 [DEBUG] [org.gradle.internal.operations.DefaultBuildOperationRunner] Completing Build operation 'Snapshot task inputs for :app:packageDebugResources'
2026-06-05T01:40:07.318+0530 [DEBUG] [org.gradle.internal.operations.DefaultBuildOperationRunner] Completing Build operation 'Resolve mutations for task :app:extractDeepLinksDebug'
2026-06-05T01:40:07.320+0530 [DEBUG] [org.gradle.internal.operations.DefaultBuildOperationRunner] Build operation 'Resolve mutations for task :app:extractDeepLinksDebug' completed
2026-06-05T01:40:07.319+0530 [LIFECYCLE] [class org.gradle.internal.buildevents.TaskExecutionLogger] 
2026-06-05T01:40:07.319+0530 [LIFECYCLE] [class org.gradle.internal.buildevents.TaskExecutionLogger] > Task :app:packageDebugResources UP-TO-DATE
2026-06-05T01:40:07.319+0530 [DEBUG] [org.gradle.api.internal.tasks.execution.ResolveTaskExecutionModeExecuter] Putting task artifact state for task ':app:packageDebugResources' into context took 0.0 secs.
2026-06-05T01:40:07.319+0530 [DEBUG] [org.gradle.internal.execution.steps.AbstractCaptureStateBeforeExecutionStep] Implementation for task ':app:packageDebugResources': com.android.build.gradle.tasks.MergeResources_Decorated@f04db97316edebf2f33521b44f96dddf
2026-06-05T01:40:07.319+0530 [DEBUG] [org.gradle.internal.execution.steps.AbstractCaptureStateBeforeExecutionStep] Additional implementations for task ':app:packageDebugResources': [com.android.build.gradle.tasks.MergeResources_Decorated@f04db97316edebf2f33521b44f96dddf]
2026-06-05T01:40:07.320+0530 [DEBUG] [org.gradle.internal.operations.DefaultBuildOperationRunner] Build operation 'Snapshot inputs and outputs before executing task ':app:packageDebugResources'' completed
2026-06-05T01:40:07.320+0530 [INFO] [org.gradle.internal.execution.steps.AbstractResolveCachingStateStep] Build cache key for task ':app:packageDebugResources' is 1b8090a2fc2b853771eb4cf9c08157b7
2026-06-05T01:40:07.320+0530 [DEBUG] [org.gradle.internal.operations.DefaultBuildOperationRunner] Build operation 'Snapshot task inputs for :app:packageDebugResources' completed
2026-06-05T01:40:07.320+0530 [DEBUG] [org.gradle.internal.execution.steps.SkipUpToDateStep] Determining if task ':app:packageDebugResources' is up-to-date
2026-06-05T01:40:07.320+0530 [INFO] [org.gradle.internal.execution.steps.SkipUpToDateStep] Skipping task ':app:packageDebugResources' as it is up-to-date.
2026-06-05T01:40:07.321+0530 [DEBUG] [org.gradle.api.internal.tasks.execution.ResolveTaskExecutionModeExecuter] Removed task artifact state for task ':app:packageDebugResources' from context.
2026-06-05T01:40:07.321+0530 [DEBUG] [org.gradle.internal.operations.DefaultBuildOperationRunner] Completing Build operation 'Task :app:packageDebugResources'
2026-06-05T01:40:07.321+0530 [DEBUG] [org.gradle.internal.operations.DefaultBuildOperationRunner] Build operation 'Task :app:packageDebugResources' completed
2026-06-05T01:40:07.320+0530 [DEBUG] [org.gradle.execution.plan.DefaultFinalizedExecutionPlan] Node :translator:compileKotlin completed, executed: true
2026-06-05T01:40:07.321+0530 [DEBUG] [org.gradle.execution.plan.DefaultFinalizedExecutionPlan] Node :translator:compileKotlin finished executing
2026-06-05T01:40:07.321+0530 [INFO] [org.gradle.execution.plan.DefaultPlanExecutor] Resolve mutations for :translator:compileJava (Thread[#1688,Execution worker,5,main]) started.
2026-06-05T01:40:07.321+0530 [DEBUG] [org.gradle.internal.operations.DefaultBuildOperationRunner] Build operation 'Resolve mutations for task :translator:compileJava' started
2026-06-05T01:40:07.318+0530 [DEBUG] [org.gradle.internal.operations.DefaultBuildOperationRunner] Completing Build operation 'Resolve mutations for task :app:createDebugCompatibleScreenManifests'
2026-06-05T01:40:07.321+0530 [DEBUG] [org.gradle.internal.operations.DefaultBuildOperationRunner] Build operation 'Resolve mutations for task :app:createDebugCompatibleScreenManifests' completed
2026-06-05T01:40:07.322+0530 [DEBUG] [org.gradle.internal.operations.DefaultBuildOperationRunner] Build operation 'Snapshot inputs and outputs before executing task ':nyora-web-shared:compileKotlinJvm'' started
2026-06-05T01:40:07.322+0530 [DEBUG] [org.gradle.internal.operations.DefaultBuildOperationRunner] Completing Build operation 'Resolve mutations for task :translator:compileJava'
2026-06-05T01:40:07.322+0530 [DEBUG] [org.gradle.internal.operations.DefaultBuildOperationRunner] Build operation 'Resolve mutations for task :translator:compileJava' completed
2026-06-05T01:40:07.321+0530 [DEBUG] [org.gradle.execution.plan.DefaultFinalizedExecutionPlan] Node Resolve mutations for :app:mapDebugSourceSetPaths completed, executed: true
2026-06-05T01:40:07.322+0530 [DEBUG] [org.gradle.execution.plan.DefaultFinalizedExecutionPlan] Node Resolve mutations for :app:mapDebugSourceSetPaths finished executing
2026-06-05T01:40:07.323+0530 [INFO] [org.gradle.execution.plan.DefaultPlanExecutor] :app:mapDebugSourceSetPaths (Thread[#1687,included builds,5,main]) started.
2026-06-05T01:40:07.323+0530 [DEBUG] [org.gradle.internal.operations.DefaultBuildOperationRunner] Build operation 'Task :app:mapDebugSourceSetPaths' started
2026-06-05T01:40:07.323+0530 [DEBUG] [org.gradle.execution.plan.DefaultFinalizedExecutionPlan] Node Resolve mutations for :nyora-web-shared:processJvmMainResources completed, executed: true
2026-06-05T01:40:07.323+0530 [DEBUG] [org.gradle.execution.plan.DefaultFinalizedExecutionPlan] Node Resolve mutations for :nyora-web-shared:processJvmMainResources finished executing
2026-06-05T01:40:07.323+0530 [INFO] [org.gradle.execution.plan.DefaultPlanExecutor] :nyora-web-shared:processJvmMainResources (Thread[#1692,Execution worker Thread 5,5,main]) started.
2026-06-05T01:40:07.323+0530 [DEBUG] [org.gradle.execution.plan.DefaultFinalizedExecutionPlan] Node Resolve mutations for :translator:compileJava completed, executed: true
2026-06-05T01:40:07.323+0530 [DEBUG] [org.gradle.execution.plan.DefaultFinalizedExecutionPlan] Node Resolve mutations for :translator:compileJava finished executing
2026-06-05T01:40:07.323+0530 [DEBUG] [org.gradle.internal.operations.DefaultBuildOperationRunner] Build operation 'Snapshot task inputs for :app:mapDebugSourceSetPaths' started
2026-06-05T01:40:07.323+0530 [DEBUG] [org.gradle.internal.operations.DefaultBuildOperationRunner] Build operation 'Snapshot inputs and outputs before executing task ':app:mapDebugSourceSetPaths'' started
2026-06-05T01:40:07.324+0530 [DEBUG] [org.gradle.execution.plan.DefaultFinalizedExecutionPlan] Node Resolve mutations for :app:createDebugCompatibleScreenManifests completed, executed: true
2026-06-05T01:40:07.324+0530 [DEBUG] [org.gradle.execution.plan.DefaultFinalizedExecutionPlan] Node Resolve mutations for :app:createDebugCompatibleScreenManifests finished executing
2026-06-05T01:40:07.323+0530 [INFO] [org.gradle.execution.plan.DefaultPlanExecutor] :translator:compileJava (Thread[#1688,Execution worker,5,main]) started.
2026-06-05T01:40:07.324+0530 [DEBUG] [org.gradle.internal.operations.DefaultBuildOperationRunner] Build operation 'Task :translator:compileJava' started
2026-06-05T01:40:07.323+0530 [DEBUG] [org.gradle.internal.operations.DefaultBuildOperationRunner] Build operation 'Task :nyora-web-shared:processJvmMainResources' started
2026-06-05T01:40:07.324+0530 [LIFECYCLE] [class org.gradle.internal.buildevents.TaskExecutionLogger] 
2026-06-05T01:40:07.324+0530 [LIFECYCLE] [class org.gradle.internal.buildevents.TaskExecutionLogger] > Task :nyora-web-shared:processJvmMainResources SKIPPED
2026-06-05T01:40:07.324+0530 [INFO] [org.gradle.api.internal.tasks.execution.SkipOnlyIfTaskExecuter] Skipping task ':nyora-web-shared:processJvmMainResources' as task onlyIf 'Task is enabled' is false.
2026-06-05T01:40:07.324+0530 [DEBUG] [org.gradle.internal.operations.DefaultBuildOperationRunner] Completing Build operation 'Task :nyora-web-shared:processJvmMainResources'
2026-06-05T01:40:07.324+0530 [DEBUG] [org.gradle.internal.operations.DefaultBuildOperationRunner] Build operation 'Task :nyora-web-shared:processJvmMainResources' completed
2026-06-05T01:40:07.324+0530 [DEBUG] [org.gradle.execution.plan.DefaultFinalizedExecutionPlan] Node :app:packageDebugResources completed, executed: true
2026-06-05T01:40:07.324+0530 [DEBUG] [org.gradle.execution.plan.DefaultFinalizedExecutionPlan] Node :app:packageDebugResources finished executing
2026-06-05T01:40:07.324+0530 [DEBUG] [org.gradle.internal.resources.AbstractTrackedResourceLock] Execution worker Thread 3: released lock on lease for com.android.build.gradle.internal.services.Aapt2DaemonBuildService_ebe4437d-60db-49c9-ad8d-46d94064ae56
2026-06-05T01:40:07.324+0530 [INFO] [org.gradle.execution.plan.DefaultPlanExecutor] Resolve mutations for :app:parseDebugLocalResources (Thread[#1690,Execution worker Thread 3,5,main]) started.
2026-06-05T01:40:07.325+0530 [DEBUG] [org.gradle.internal.operations.DefaultBuildOperationRunner] Build operation 'Resolve mutations for task :app:parseDebugLocalResources' started
2026-06-05T01:40:07.324+0530 [INFO] [org.gradle.execution.plan.DefaultPlanExecutor] :app:createDebugCompatibleScreenManifests (Thread[#1694,Execution worker Thread 7,5,main]) started.
2026-06-05T01:40:07.325+0530 [DEBUG] [org.gradle.internal.operations.DefaultBuildOperationRunner] Build operation 'Task :app:createDebugCompatibleScreenManifests' started
2026-06-05T01:40:07.325+0530 [DEBUG] [org.gradle.internal.operations.DefaultBuildOperationRunner] Completing Build operation 'Resolve mutations for task :app:parseDebugLocalResources'
2026-06-05T01:40:07.325+0530 [DEBUG] [org.gradle.internal.operations.DefaultBuildOperationRunner] Build operation 'Resolve mutations for task :app:parseDebugLocalResources' completed
2026-06-05T01:40:07.325+0530 [DEBUG] [org.gradle.execution.plan.DefaultFinalizedExecutionPlan] Node Resolve mutations for :app:extractDeepLinksDebug completed, executed: true
2026-06-05T01:40:07.325+0530 [DEBUG] [org.gradle.execution.plan.DefaultFinalizedExecutionPlan] Node Resolve mutations for :app:extractDeepLinksDebug finished executing
2026-06-05T01:40:07.326+0530 [INFO] [org.gradle.execution.plan.DefaultPlanExecutor] :app:extractDeepLinksDebug (Thread[#1691,Execution worker Thread 4,5,main]) started.
2026-06-05T01:40:07.326+0530 [DEBUG] [org.gradle.internal.operations.DefaultBuildOperationRunner] Build operation 'Task :app:extractDeepLinksDebug' started
2026-06-05T01:40:07.326+0530 [DEBUG] [org.gradle.internal.operations.DefaultBuildOperationRunner] Build operation 'Snapshot task inputs for :app:extractDeepLinksDebug' started
2026-06-05T01:40:07.326+0530 [DEBUG] [org.gradle.internal.operations.DefaultBuildOperationRunner] Build operation 'Snapshot inputs and outputs before executing task ':app:extractDeepLinksDebug'' started
2026-06-05T01:40:07.327+0530 [DEBUG] [org.gradle.internal.operations.DefaultBuildOperationRunner] Completing Build operation 'Snapshot inputs and outputs before executing task ':app:extractDeepLinksDebug''
2026-06-05T01:40:07.327+0530 [DEBUG] [org.gradle.internal.operations.DefaultBuildOperationRunner] Completing Build operation 'Snapshot task inputs for :app:extractDeepLinksDebug'
2026-06-05T01:40:07.326+0530 [LIFECYCLE] [class org.gradle.internal.buildevents.TaskExecutionLogger] 
2026-06-05T01:40:07.326+0530 [LIFECYCLE] [class org.gradle.internal.buildevents.TaskExecutionLogger] > Task :app:extractDeepLinksDebug UP-TO-DATE
2026-06-05T01:40:07.326+0530 [DEBUG] [org.gradle.api.internal.tasks.execution.ResolveTaskExecutionModeExecuter] Putting task artifact state for task ':app:extractDeepLinksDebug' into context took 0.0 secs.
2026-06-05T01:40:07.326+0530 [DEBUG] [org.gradle.internal.execution.steps.AbstractCaptureStateBeforeExecutionStep] Implementation for task ':app:extractDeepLinksDebug': com.android.build.gradle.tasks.ExtractDeepLinksTask_Decorated@f04db97316edebf2f33521b44f96dddf
2026-06-05T01:40:07.326+0530 [DEBUG] [org.gradle.internal.execution.steps.AbstractCaptureStateBeforeExecutionStep] Additional implementations for task ':app:extractDeepLinksDebug': [com.android.build.gradle.tasks.ExtractDeepLinksTask_Decorated@f04db97316edebf2f33521b44f96dddf]
2026-06-05T01:40:07.327+0530 [DEBUG] [org.gradle.internal.operations.DefaultBuildOperationRunner] Build operation 'Snapshot inputs and outputs before executing task ':app:extractDeepLinksDebug'' completed
2026-06-05T01:40:07.327+0530 [INFO] [org.gradle.internal.execution.steps.AbstractResolveCachingStateStep] Build cache key for task ':app:extractDeepLinksDebug' is a7715d895ecbccf60d758cec4a389b61
2026-06-05T01:40:07.327+0530 [DEBUG] [org.gradle.internal.operations.DefaultBuildOperationRunner] Build operation 'Snapshot task inputs for :app:extractDeepLinksDebug' completed
2026-06-05T01:40:07.327+0530 [DEBUG] [org.gradle.internal.execution.steps.SkipUpToDateStep] Determining if task ':app:extractDeepLinksDebug' is up-to-date
2026-06-05T01:40:07.327+0530 [INFO] [org.gradle.internal.execution.steps.SkipUpToDateStep] Skipping task ':app:extractDeepLinksDebug' as it is up-to-date.
2026-06-05T01:40:07.328+0530 [DEBUG] [org.gradle.api.internal.tasks.execution.ResolveTaskExecutionModeExecuter] Removed task artifact state for task ':app:extractDeepLinksDebug' from context.
2026-06-05T01:40:07.324+0530 [DEBUG] [org.gradle.internal.operations.DefaultBuildOperationRunner] Build operation 'Snapshot task inputs for :translator:compileJava' started
2026-06-05T01:40:07.328+0530 [DEBUG] [org.gradle.internal.operations.DefaultBuildOperationRunner] Completing Build operation 'Snapshot task inputs for :translator:compileJava'
2026-06-05T01:40:07.324+0530 [LIFECYCLE] [class org.gradle.internal.buildevents.TaskExecutionLogger] 
2026-06-05T01:40:07.324+0530 [LIFECYCLE] [class org.gradle.internal.buildevents.TaskExecutionLogger] > Task :translator:compileJava NO-SOURCE
2026-06-05T01:40:07.324+0530 [DEBUG] [org.gradle.api.internal.tasks.execution.ResolveTaskExecutionModeExecuter] Putting task artifact state for task ':translator:compileJava' into context took 0.0 secs.
2026-06-05T01:40:07.328+0530 [INFO] [org.gradle.internal.execution.steps.SkipEmptyIncrementalWorkStep] Skipping task ':translator:compileJava' as it has no source files and no previous output files.
2026-06-05T01:40:07.328+0530 [DEBUG] [org.gradle.internal.operations.DefaultBuildOperationRunner] Build operation 'Snapshot task inputs for :translator:compileJava' completed
2026-06-05T01:40:07.328+0530 [DEBUG] [org.gradle.api.internal.tasks.execution.ResolveTaskExecutionModeExecuter] Removed task artifact state for task ':translator:compileJava' from context.
2026-06-05T01:40:07.326+0530 [DEBUG] [org.gradle.execution.plan.DefaultFinalizedExecutionPlan] Node :app:mergeDebugResources completed, executed: true
2026-06-05T01:40:07.328+0530 [DEBUG] [org.gradle.execution.plan.DefaultFinalizedExecutionPlan] Node :app:mergeDebugResources finished executing
2026-06-05T01:40:07.328+0530 [DEBUG] [org.gradle.internal.resources.AbstractTrackedResourceLock] Execution worker Thread 2: released lock on lease for com.android.build.gradle.internal.services.Aapt2DaemonBuildService_ebe4437d-60db-49c9-ad8d-46d94064ae56
2026-06-05T01:40:07.328+0530 [DEBUG] [org.gradle.internal.resources.AbstractTrackedResourceLock] Execution worker Thread 2: released lock on worker lease
2026-06-05T01:40:07.329+0530 [DEBUG] [org.gradle.internal.operations.DefaultBuildOperationRunner] Build operation 'Snapshot task inputs for :app:createDebugCompatibleScreenManifests' started
2026-06-05T01:40:07.329+0530 [DEBUG] [org.gradle.internal.operations.DefaultBuildOperationRunner] Build operation 'Snapshot inputs and outputs before executing task ':app:createDebugCompatibleScreenManifests'' started
2026-06-05T01:40:07.329+0530 [DEBUG] [org.gradle.internal.operations.DefaultBuildOperationRunner] Completing Build operation 'Snapshot inputs and outputs before executing task ':app:createDebugCompatibleScreenManifests''
2026-06-05T01:40:07.330+0530 [DEBUG] [org.gradle.internal.operations.DefaultBuildOperationRunner] Completing Build operation 'Snapshot task inputs for :app:createDebugCompatibleScreenManifests'
2026-06-05T01:40:07.325+0530 [LIFECYCLE] [class org.gradle.internal.buildevents.TaskExecutionLogger] 
2026-06-05T01:40:07.325+0530 [LIFECYCLE] [class org.gradle.internal.buildevents.TaskExecutionLogger] > Task :app:createDebugCompatibleScreenManifests UP-TO-DATE
2026-06-05T01:40:07.329+0530 [DEBUG] [org.gradle.api.internal.tasks.execution.ResolveTaskExecutionModeExecuter] Putting task artifact state for task ':app:createDebugCompatibleScreenManifests' into context took 0.0 secs.
2026-06-05T01:40:07.329+0530 [DEBUG] [org.gradle.internal.execution.steps.AbstractCaptureStateBeforeExecutionStep] Implementation for task ':app:createDebugCompatibleScreenManifests': com.android.build.gradle.tasks.CompatibleScreensManifest_Decorated@f04db97316edebf2f33521b44f96dddf
2026-06-05T01:40:07.329+0530 [DEBUG] [org.gradle.internal.execution.steps.AbstractCaptureStateBeforeExecutionStep] Additional implementations for task ':app:createDebugCompatibleScreenManifests': [com.android.build.gradle.tasks.CompatibleScreensManifest_Decorated@f04db97316edebf2f33521b44f96dddf]
2026-06-05T01:40:07.329+0530 [DEBUG] [org.gradle.internal.operations.DefaultBuildOperationRunner] Build operation 'Snapshot inputs and outputs before executing task ':app:createDebugCompatibleScreenManifests'' completed
2026-06-05T01:40:07.329+0530 [INFO] [org.gradle.internal.execution.steps.AbstractResolveCachingStateStep] Caching disabled for task ':app:createDebugCompatibleScreenManifests' because:
  Caching has been disabled for the task
2026-06-05T01:40:07.330+0530 [DEBUG] [org.gradle.internal.operations.DefaultBuildOperationRunner] Build operation 'Snapshot task inputs for :app:createDebugCompatibleScreenManifests' completed
2026-06-05T01:40:07.330+0530 [DEBUG] [org.gradle.internal.execution.steps.SkipUpToDateStep] Determining if task ':app:createDebugCompatibleScreenManifests' is up-to-date
2026-06-05T01:40:07.330+0530 [INFO] [org.gradle.internal.execution.steps.SkipUpToDateStep] Skipping task ':app:createDebugCompatibleScreenManifests' as it is up-to-date.
2026-06-05T01:40:07.330+0530 [DEBUG] [org.gradle.api.internal.tasks.execution.ResolveTaskExecutionModeExecuter] Removed task artifact state for task ':app:createDebugCompatibleScreenManifests' from context.
2026-06-05T01:40:07.330+0530 [DEBUG] [org.gradle.internal.operations.DefaultBuildOperationRunner] Completing Build operation 'Task :app:createDebugCompatibleScreenManifests'
2026-06-05T01:40:07.330+0530 [DEBUG] [org.gradle.internal.operations.DefaultBuildOperationRunner] Build operation 'Task :app:createDebugCompatibleScreenManifests' completed
2026-06-05T01:40:07.330+0530 [DEBUG] [org.gradle.internal.operations.DefaultBuildOperationRunner] Completing Build operation 'Snapshot inputs and outputs before executing task ':app:mapDebugSourceSetPaths''
2026-06-05T01:40:07.329+0530 [DEBUG] [org.gradle.execution.plan.DefaultFinalizedExecutionPlan] Node Resolve mutations for :app:parseDebugLocalResources completed, executed: true
2026-06-05T01:40:07.330+0530 [DEBUG] [org.gradle.execution.plan.DefaultFinalizedExecutionPlan] Node Resolve mutations for :app:parseDebugLocalResources finished executing
2026-06-05T01:40:07.328+0530 [DEBUG] [org.gradle.internal.operations.DefaultBuildOperationRunner] Completing Build operation 'Task :translator:compileJava'
2026-06-05T01:40:07.331+0530 [DEBUG] [org.gradle.internal.operations.DefaultBuildOperationRunner] Build operation 'Task :translator:compileJava' completed
2026-06-05T01:40:07.331+0530 [INFO] [org.gradle.execution.plan.DefaultPlanExecutor] :app:parseDebugLocalResources (Thread[#1690,Execution worker Thread 3,5,main]) started.
2026-06-05T01:40:07.331+0530 [DEBUG] [org.gradle.internal.operations.DefaultBuildOperationRunner] Build operation 'Task :app:parseDebugLocalResources' started
2026-06-05T01:40:07.331+0530 [DEBUG] [org.gradle.internal.operations.DefaultBuildOperationRunner] Build operation 'Snapshot task inputs for :app:parseDebugLocalResources' started
2026-06-05T01:40:07.328+0530 [DEBUG] [org.gradle.internal.operations.DefaultBuildOperationRunner] Completing Build operation 'Task :app:extractDeepLinksDebug'
2026-06-05T01:40:07.331+0530 [DEBUG] [org.gradle.internal.operations.DefaultBuildOperationRunner] Build operation 'Task :app:extractDeepLinksDebug' completed
2026-06-05T01:40:07.331+0530 [DEBUG] [org.gradle.internal.operations.DefaultBuildOperationRunner] Build operation 'Snapshot inputs and outputs before executing task ':app:parseDebugLocalResources'' started
2026-06-05T01:40:07.332+0530 [DEBUG] [org.gradle.internal.operations.DefaultBuildOperationRunner] Build operation 'Fingerprint transform inputs' started
2026-06-05T01:40:07.332+0530 [DEBUG] [org.gradle.internal.operations.DefaultBuildOperationRunner] Completing Build operation 'Fingerprint transform inputs'
2026-06-05T01:40:07.332+0530 [DEBUG] [org.gradle.internal.operations.DefaultBuildOperationRunner] Build operation 'Fingerprint transform inputs' started
2026-06-05T01:40:07.332+0530 [DEBUG] [org.gradle.internal.operations.DefaultBuildOperationRunner] Completing Build operation 'Snapshot inputs and outputs before executing task ':app:parseDebugLocalResources''
2026-06-05T01:40:07.331+0530 [DEBUG] [org.gradle.execution.plan.DefaultFinalizedExecutionPlan] Node :translator:compileJava completed, executed: true
2026-06-05T01:40:07.332+0530 [DEBUG] [org.gradle.execution.plan.DefaultFinalizedExecutionPlan] Node :translator:compileJava finished executing
2026-06-05T01:40:07.332+0530 [DEBUG] [org.gradle.internal.operations.DefaultBuildOperationRunner] Completing Build operation 'Snapshot task inputs for :app:mapDebugSourceSetPaths'
2026-06-05T01:40:07.323+0530 [LIFECYCLE] [class org.gradle.internal.buildevents.TaskExecutionLogger] 
2026-06-05T01:40:07.323+0530 [LIFECYCLE] [class org.gradle.internal.buildevents.TaskExecutionLogger] > Task :app:mapDebugSourceSetPaths UP-TO-DATE
2026-06-05T01:40:07.323+0530 [DEBUG] [org.gradle.api.internal.tasks.execution.ResolveTaskExecutionModeExecuter] Putting task artifact state for task ':app:mapDebugSourceSetPaths' into context took 0.0 secs.
2026-06-05T01:40:07.324+0530 [DEBUG] [org.gradle.internal.execution.steps.AbstractCaptureStateBeforeExecutionStep] Implementation for task ':app:mapDebugSourceSetPaths': com.android.build.gradle.tasks.MapSourceSetPathsTask_Decorated@f04db97316edebf2f33521b44f96dddf
2026-06-05T01:40:07.325+0530 [DEBUG] [org.gradle.internal.execution.steps.AbstractCaptureStateBeforeExecutionStep] Additional implementations for task ':app:mapDebugSourceSetPaths': [com.android.build.gradle.tasks.MapSourceSetPathsTask_Decorated@f04db97316edebf2f33521b44f96dddf]
2026-06-05T01:40:07.330+0530 [DEBUG] [org.gradle.internal.operations.DefaultBuildOperationRunner] Build operation 'Snapshot inputs and outputs before executing task ':app:mapDebugSourceSetPaths'' completed
2026-06-05T01:40:07.330+0530 [INFO] [org.gradle.internal.execution.steps.AbstractResolveCachingStateStep] Caching disabled for task ':app:mapDebugSourceSetPaths' because:
  Caching has been disabled for the task
2026-06-05T01:40:07.332+0530 [DEBUG] [org.gradle.internal.operations.DefaultBuildOperationRunner] Build operation 'Snapshot task inputs for :app:mapDebugSourceSetPaths' completed
2026-06-05T01:40:07.332+0530 [DEBUG] [org.gradle.internal.execution.steps.SkipUpToDateStep] Determining if task ':app:mapDebugSourceSetPaths' is up-to-date
2026-06-05T01:40:07.332+0530 [INFO] [org.gradle.internal.execution.steps.SkipUpToDateStep] Skipping task ':app:mapDebugSourceSetPaths' as it is up-to-date.
2026-06-05T01:40:07.333+0530 [DEBUG] [org.gradle.api.internal.tasks.execution.ResolveTaskExecutionModeExecuter] Removed task artifact state for task ':app:mapDebugSourceSetPaths' from context.
2026-06-05T01:40:07.333+0530 [DEBUG] [org.gradle.internal.operations.DefaultBuildOperationRunner] Completing Build operation 'Task :app:mapDebugSourceSetPaths'
2026-06-05T01:40:07.333+0530 [DEBUG] [org.gradle.internal.operations.DefaultBuildOperationRunner] Build operation 'Task :app:mapDebugSourceSetPaths' completed
2026-06-05T01:40:07.332+0530 [DEBUG] [org.gradle.execution.plan.DefaultFinalizedExecutionPlan] Node :nyora-web-shared:processJvmMainResources completed, executed: true
2026-06-05T01:40:07.333+0530 [DEBUG] [org.gradle.execution.plan.DefaultFinalizedExecutionPlan] Node :nyora-web-shared:processJvmMainResources finished executing
2026-06-05T01:40:07.333+0530 [DEBUG] [org.gradle.internal.resources.AbstractTrackedResourceLock] Execution worker Thread 5: released lock on worker lease
2026-06-05T01:40:07.332+0530 [INFO] [org.gradle.execution.plan.DefaultPlanExecutor] Resolve mutations for :translator:classes (Thread[#1688,Execution worker,5,main]) started.
2026-06-05T01:40:07.333+0530 [DEBUG] [org.gradle.internal.operations.DefaultBuildOperationRunner] Build operation 'Resolve mutations for task :translator:classes' started
2026-06-05T01:40:07.333+0530 [DEBUG] [org.gradle.execution.plan.DefaultFinalizedExecutionPlan] Node :app:mapDebugSourceSetPaths completed, executed: true
2026-06-05T01:40:07.333+0530 [DEBUG] [org.gradle.execution.plan.DefaultFinalizedExecutionPlan] Node :app:mapDebugSourceSetPaths finished executing
2026-06-05T01:40:07.333+0530 [DEBUG] [org.gradle.internal.operations.DefaultBuildOperationRunner] Completing Build operation 'Resolve mutations for task :translator:classes'
2026-06-05T01:40:07.333+0530 [DEBUG] [org.gradle.internal.operations.DefaultBuildOperationRunner] Build operation 'Resolve mutations for task :translator:classes' completed
2026-06-05T01:40:07.333+0530 [DEBUG] [org.gradle.execution.plan.DefaultFinalizedExecutionPlan] Node Resolve mutations for :translator:classes completed, executed: true
2026-06-05T01:40:07.333+0530 [DEBUG] [org.gradle.execution.plan.DefaultFinalizedExecutionPlan] Node Resolve mutations for :translator:classes finished executing
2026-06-05T01:40:07.333+0530 [INFO] [org.gradle.execution.plan.DefaultPlanExecutor] :translator:classes (Thread[#1688,Execution worker,5,main]) started.
2026-06-05T01:40:07.333+0530 [DEBUG] [org.gradle.internal.operations.DefaultBuildOperationRunner] Build operation 'Task :translator:classes' started
2026-06-05T01:40:07.333+0530 [LIFECYCLE] [class org.gradle.internal.buildevents.TaskExecutionLogger] 
2026-06-05T01:40:07.333+0530 [LIFECYCLE] [class org.gradle.internal.buildevents.TaskExecutionLogger] > Task :translator:classes UP-TO-DATE
2026-06-05T01:40:07.333+0530 [INFO] [org.gradle.api.internal.tasks.execution.SkipTaskWithNoActionsExecuter] Skipping task ':translator:classes' as it has no actions.
2026-06-05T01:40:07.333+0530 [DEBUG] [org.gradle.internal.operations.DefaultBuildOperationRunner] Completing Build operation 'Task :translator:classes'
2026-06-05T01:40:07.333+0530 [DEBUG] [org.gradle.internal.operations.DefaultBuildOperationRunner] Build operation 'Task :translator:classes' completed
2026-06-05T01:40:07.334+0530 [DEBUG] [org.gradle.execution.plan.DefaultFinalizedExecutionPlan] Node :translator:classes completed, executed: true
2026-06-05T01:40:07.334+0530 [DEBUG] [org.gradle.execution.plan.DefaultFinalizedExecutionPlan] Node :translator:classes finished executing
2026-06-05T01:40:07.334+0530 [INFO] [org.gradle.execution.plan.DefaultPlanExecutor] Resolve mutations for :translator:jar (Thread[#1688,Execution worker,5,main]) started.
2026-06-05T01:40:07.334+0530 [DEBUG] [org.gradle.internal.operations.DefaultBuildOperationRunner] Build operation 'Resolve mutations for task :translator:jar' started
2026-06-05T01:40:07.334+0530 [DEBUG] [org.gradle.internal.operations.DefaultBuildOperationRunner] Completing Build operation 'Resolve mutations for task :translator:jar'
2026-06-05T01:40:07.334+0530 [DEBUG] [org.gradle.execution.plan.DefaultFinalizedExecutionPlan] Node :app:extractDeepLinksDebug completed, executed: true
2026-06-05T01:40:07.334+0530 [DEBUG] [org.gradle.execution.plan.DefaultFinalizedExecutionPlan] Node :app:extractDeepLinksDebug finished executing
2026-06-05T01:40:07.334+0530 [INFO] [org.gradle.execution.plan.DefaultPlanExecutor] Resolve mutations for :app:processDebugMainManifest (Thread[#1691,Execution worker Thread 4,5,main]) started.
2026-06-05T01:40:07.334+0530 [DEBUG] [org.gradle.internal.resources.AbstractTrackedResourceLock] Execution worker Thread 2: acquired lock on worker lease
2026-06-05T01:40:07.334+0530 [DEBUG] [org.gradle.internal.resources.AbstractTrackedResourceLock] Execution worker Thread 2: released lock on worker lease
2026-06-05T01:40:07.334+0530 [DEBUG] [org.gradle.execution.plan.DefaultFinalizedExecutionPlan] Node :app:createDebugCompatibleScreenManifests completed, executed: true
2026-06-05T01:40:07.334+0530 [DEBUG] [org.gradle.execution.plan.DefaultFinalizedExecutionPlan] Node :app:createDebugCompatibleScreenManifests finished executing
2026-06-05T01:40:07.334+0530 [DEBUG] [org.gradle.internal.resources.AbstractTrackedResourceLock] Execution worker Thread 7: released lock on worker lease
2026-06-05T01:40:07.332+0530 [DEBUG] [org.gradle.internal.operations.DefaultBuildOperationRunner] Completing Build operation 'Fingerprint transform inputs'
2026-06-05T01:40:07.335+0530 [DEBUG] [org.gradle.internal.resources.AbstractTrackedResourceLock] Execution worker Thread 2: acquired lock on worker lease
2026-06-05T01:40:07.335+0530 [DEBUG] [org.gradle.internal.resources.AbstractTrackedResourceLock] Execution worker Thread 2: released lock on worker lease
2026-06-05T01:40:07.334+0530 [DEBUG] [org.gradle.internal.operations.DefaultBuildOperationRunner] Completing Build operation 'Snapshot task inputs for :app:parseDebugLocalResources'
2026-06-05T01:40:07.334+0530 [DEBUG] [org.gradle.internal.operations.DefaultBuildOperationRunner] Build operation 'Resolve mutations for task :app:processDebugMainManifest' started
2026-06-05T01:40:07.334+0530 [DEBUG] [org.gradle.internal.operations.DefaultBuildOperationRunner] Build operation 'Resolve mutations for task :translator:jar' completed
2026-06-05T01:40:07.333+0530 [INFO] [org.gradle.execution.plan.DefaultPlanExecutor] Resolve mutations for :app:compileDebugNavigationResources (Thread[#1687,included builds,5,main]) started.
2026-06-05T01:40:07.338+0530 [DEBUG] [org.gradle.internal.operations.DefaultBuildOperationRunner] Completing Build operation 'Resolve mutations for task :app:processDebugMainManifest'
2026-06-05T01:40:07.338+0530 [DEBUG] [org.gradle.internal.operations.DefaultBuildOperationRunner] Build operation 'Resolve mutations for task :app:processDebugMainManifest' completed
2026-06-05T01:40:07.336+0530 [DEBUG] [org.gradle.internal.operations.DefaultBuildOperationRunner] Completing Build operation 'Snapshot inputs and outputs before executing task ':nyora-web-shared:compileKotlinJvm''
2026-06-05T01:40:07.336+0530 [DEBUG] [org.gradle.internal.resources.AbstractTrackedResourceLock] Execution worker Thread 5: acquired lock on worker lease
2026-06-05T01:40:07.331+0530 [LIFECYCLE] [class org.gradle.internal.buildevents.TaskExecutionLogger] 
2026-06-05T01:40:07.331+0530 [LIFECYCLE] [class org.gradle.internal.buildevents.TaskExecutionLogger] > Task :app:parseDebugLocalResources UP-TO-DATE
2026-06-05T01:40:07.331+0530 [DEBUG] [org.gradle.api.internal.tasks.execution.ResolveTaskExecutionModeExecuter] Putting task artifact state for task ':app:parseDebugLocalResources' into context took 0.0 secs.
2026-06-05T01:40:07.332+0530 [DEBUG] [org.gradle.internal.execution.steps.AbstractCaptureStateBeforeExecutionStep] Implementation for task ':app:parseDebugLocalResources': com.android.build.gradle.internal.res.ParseLibraryResourcesTask_Decorated@f04db97316edebf2f33521b44f96dddf
2026-06-05T01:40:07.332+0530 [DEBUG] [org.gradle.internal.execution.steps.AbstractCaptureStateBeforeExecutionStep] Additional implementations for task ':app:parseDebugLocalResources': [com.android.build.gradle.internal.res.ParseLibraryResourcesTask_Decorated@f04db97316edebf2f33521b44f96dddf]
2026-06-05T01:40:07.332+0530 [DEBUG] [org.gradle.internal.operations.DefaultBuildOperationRunner] Build operation 'Fingerprint transform inputs' completed
2026-06-05T01:40:07.332+0530 [DEBUG] [org.gradle.internal.operations.DefaultBuildOperationRunner] Build operation 'Snapshot inputs and outputs before executing task ':app:parseDebugLocalResources'' completed
2026-06-05T01:40:07.332+0530 [INFO] [org.gradle.internal.execution.steps.AbstractResolveCachingStateStep] Build cache key for task ':app:parseDebugLocalResources' is e0648d2596ad4fd9d4b87c5069fa5887
2026-06-05T01:40:07.336+0530 [DEBUG] [org.gradle.internal.operations.DefaultBuildOperationRunner] Build operation 'Snapshot task inputs for :app:parseDebugLocalResources' completed
2026-06-05T01:40:07.336+0530 [DEBUG] [org.gradle.internal.execution.steps.SkipUpToDateStep] Determining if task ':app:parseDebugLocalResources' is up-to-date
2026-06-05T01:40:07.337+0530 [INFO] [org.gradle.internal.execution.steps.SkipUpToDateStep] Skipping task ':app:parseDebugLocalResources' as it is up-to-date.
2026-06-05T01:40:07.337+0530 [DEBUG] [org.gradle.api.internal.tasks.execution.ResolveTaskExecutionModeExecuter] Removed task artifact state for task ':app:parseDebugLocalResources' from context.
2026-06-05T01:40:07.338+0530 [DEBUG] [org.gradle.internal.operations.DefaultBuildOperationRunner] Completing Build operation 'Task :app:parseDebugLocalResources'
2026-06-05T01:40:07.338+0530 [DEBUG] [org.gradle.internal.operations.DefaultBuildOperationRunner] Build operation 'Task :app:parseDebugLocalResources' completed
2026-06-05T01:40:07.338+0530 [DEBUG] [org.gradle.internal.operations.DefaultBuildOperationRunner] Build operation 'Resolve mutations for task :app:compileDebugNavigationResources' started
2026-06-05T01:40:07.338+0530 [DEBUG] [org.gradle.internal.resources.AbstractTrackedResourceLock] Execution worker Thread 5: released lock on worker lease
2026-06-05T01:40:07.338+0530 [DEBUG] [org.gradle.internal.operations.DefaultBuildOperationRunner] Completing Build operation 'Resolve mutations for task :app:compileDebugNavigationResources'
2026-06-05T01:40:07.339+0530 [DEBUG] [org.gradle.internal.operations.DefaultBuildOperationRunner] Build operation 'Resolve mutations for task :app:compileDebugNavigationResources' completed
2026-06-05T01:40:07.339+0530 [DEBUG] [org.gradle.execution.plan.DefaultFinalizedExecutionPlan] Node Resolve mutations for :app:compileDebugNavigationResources completed, executed: true
2026-06-05T01:40:07.339+0530 [DEBUG] [org.gradle.execution.plan.DefaultFinalizedExecutionPlan] Node Resolve mutations for :app:compileDebugNavigationResources finished executing
2026-06-05T01:40:07.339+0530 [DEBUG] [org.gradle.internal.resources.AbstractTrackedResourceLock] included builds: acquired lock on lease for com.android.build.gradle.internal.services.Aapt2DaemonBuildService_ebe4437d-60db-49c9-ad8d-46d94064ae56
2026-06-05T01:40:07.339+0530 [DEBUG] [org.gradle.internal.operations.DefaultBuildOperationRunner] Completing Build operation 'Snapshot task inputs for :nyora-web-shared:compileKotlinJvm'
2026-06-05T01:40:07.339+0530 [DEBUG] [org.gradle.execution.plan.DefaultFinalizedExecutionPlan] Node :app:parseDebugLocalResources completed, executed: true
2026-06-05T01:40:07.339+0530 [DEBUG] [org.gradle.execution.plan.DefaultFinalizedExecutionPlan] Node :app:parseDebugLocalResources finished executing
2026-06-05T01:40:07.339+0530 [INFO] [org.gradle.execution.plan.DefaultPlanExecutor] :app:compileDebugNavigationResources (Thread[#1687,included builds,5,main]) started.
2026-06-05T01:40:07.340+0530 [DEBUG] [org.gradle.internal.operations.DefaultBuildOperationRunner] Build operation 'Task :app:compileDebugNavigationResources' started
2026-06-05T01:40:07.340+0530 [DEBUG] [org.gradle.internal.operations.DefaultBuildOperationRunner] Build operation 'Snapshot task inputs for :app:compileDebugNavigationResources' started
2026-06-05T01:40:07.340+0530 [INFO] [org.gradle.execution.plan.DefaultPlanExecutor] Resolve mutations for :app:dataBindingGenBaseClassesDebug (Thread[#1690,Execution worker Thread 3,5,main]) started.
2026-06-05T01:40:07.340+0530 [DEBUG] [org.gradle.internal.operations.DefaultBuildOperationRunner] Build operation 'Snapshot inputs and outputs before executing task ':app:compileDebugNavigationResources'' started
2026-06-05T01:40:07.340+0530 [DEBUG] [org.gradle.execution.plan.DefaultFinalizedExecutionPlan] Node Resolve mutations for :app:processDebugMainManifest completed, executed: true
2026-06-05T01:40:07.316+0530 [LIFECYCLE] [class org.gradle.internal.buildevents.TaskExecutionLogger] 
2026-06-05T01:40:07.316+0530 [LIFECYCLE] [class org.gradle.internal.buildevents.TaskExecutionLogger] > Task :nyora-web-shared:compileKotlinJvm UP-TO-DATE
2026-06-05T01:40:07.316+0530 [DEBUG] [org.gradle.api.internal.tasks.execution.ResolveTaskExecutionModeExecuter] Putting task artifact state for task ':nyora-web-shared:compileKotlinJvm' into context took 0.0 secs.
2026-06-05T01:40:07.331+0530 [DEBUG] [org.gradle.internal.execution.steps.AbstractCaptureStateBeforeExecutionStep] Implementation for task ':nyora-web-shared:compileKotlinJvm': org.jetbrains.kotlin.gradle.tasks.KotlinCompile_Decorated@f04db97316edebf2f33521b44f96dddf
2026-06-05T01:40:07.331+0530 [DEBUG] [org.gradle.internal.execution.steps.AbstractCaptureStateBeforeExecutionStep] Additional implementations for task ':nyora-web-shared:compileKotlinJvm': [org.jetbrains.kotlin.gradle.tasks.KotlinCompile_Decorated@f04db97316edebf2f33521b44f96dddf]
2026-06-05T01:40:07.335+0530 [DEBUG] [org.gradle.internal.operations.DefaultBuildOperationRunner] Build operation 'Fingerprint transform inputs' completed
2026-06-05T01:40:07.338+0530 [DEBUG] [org.gradle.internal.operations.DefaultBuildOperationRunner] Build operation 'Snapshot inputs and outputs before executing task ':nyora-web-shared:compileKotlinJvm'' completed
2026-06-05T01:40:07.339+0530 [INFO] [org.gradle.internal.execution.steps.AbstractResolveCachingStateStep] Build cache key for task ':nyora-web-shared:compileKotlinJvm' is d01966532623430ff05edc7408b0e954
2026-06-05T01:40:07.339+0530 [DEBUG] [org.gradle.internal.operations.DefaultBuildOperationRunner] Build operation 'Snapshot task inputs for :nyora-web-shared:compileKotlinJvm' completed
2026-06-05T01:40:07.339+0530 [DEBUG] [org.gradle.internal.execution.steps.SkipUpToDateStep] Determining if task ':nyora-web-shared:compileKotlinJvm' is up-to-date
2026-06-05T01:40:07.339+0530 [INFO] [org.gradle.internal.execution.steps.SkipUpToDateStep] Skipping task ':nyora-web-shared:compileKotlinJvm' as it is up-to-date.
2026-06-05T01:40:07.340+0530 [DEBUG] [org.gradle.api.internal.tasks.execution.ResolveTaskExecutionModeExecuter] Removed task artifact state for task ':nyora-web-shared:compileKotlinJvm' from context.
2026-06-05T01:40:07.340+0530 [DEBUG] [org.gradle.execution.plan.DefaultFinalizedExecutionPlan] Node Resolve mutations for :app:processDebugMainManifest finished executing
2026-06-05T01:40:07.340+0530 [DEBUG] [org.gradle.internal.operations.DefaultBuildOperationRunner] Build operation 'Resolve mutations for task :app:dataBindingGenBaseClassesDebug' started
2026-06-05T01:40:07.341+0530 [DEBUG] [org.gradle.internal.operations.DefaultBuildOperationRunner] Completing Build operation 'Snapshot inputs and outputs before executing task ':app:compileDebugNavigationResources''
2026-06-05T01:40:07.340+0530 [DEBUG] [org.gradle.execution.plan.DefaultFinalizedExecutionPlan] Node Resolve mutations for :translator:jar completed, executed: true
2026-06-05T01:40:07.341+0530 [DEBUG] [org.gradle.execution.plan.DefaultFinalizedExecutionPlan] Node Resolve mutations for :translator:jar finished executing
2026-06-05T01:40:07.340+0530 [INFO] [org.gradle.execution.plan.DefaultPlanExecutor] :app:processDebugMainManifest (Thread[#1691,Execution worker Thread 4,5,main]) started.
2026-06-05T01:40:07.340+0530 [DEBUG] [org.gradle.internal.operations.DefaultBuildOperationRunner] Completing Build operation 'Task :nyora-web-shared:compileKotlinJvm'
2026-06-05T01:40:07.341+0530 [DEBUG] [org.gradle.internal.operations.DefaultBuildOperationRunner] Build operation 'Task :nyora-web-shared:compileKotlinJvm' completed
2026-06-05T01:40:07.341+0530 [DEBUG] [org.gradle.internal.operations.DefaultBuildOperationRunner] Build operation 'Task :app:processDebugMainManifest' started
2026-06-05T01:40:07.341+0530 [DEBUG] [org.gradle.internal.resources.AbstractTrackedResourceLock] Execution worker Thread 5: acquired lock on worker lease
2026-06-05T01:40:07.342+0530 [DEBUG] [org.gradle.internal.resources.AbstractTrackedResourceLock] Execution worker Thread 5: released lock on worker lease
2026-06-05T01:40:07.341+0530 [INFO] [org.gradle.execution.plan.DefaultPlanExecutor] :translator:jar (Thread[#1688,Execution worker,5,main]) started.
2026-06-05T01:40:07.342+0530 [DEBUG] [org.gradle.internal.operations.DefaultBuildOperationRunner] Build operation 'Task :translator:jar' started
2026-06-05T01:40:07.342+0530 [DEBUG] [org.gradle.internal.operations.DefaultBuildOperationRunner] Build operation 'Snapshot task inputs for :translator:jar' started
2026-06-05T01:40:07.345+0530 [DEBUG] [org.gradle.internal.resources.AbstractTrackedResourceLock] Execution worker Thread 2: acquired lock on worker lease
2026-06-05T01:40:07.345+0530 [DEBUG] [org.gradle.internal.resources.AbstractTrackedResourceLock] Execution worker Thread 2: released lock on worker lease
2026-06-05T01:40:07.346+0530 [DEBUG] [org.gradle.internal.operations.DefaultBuildOperationRunner] Completing Build operation 'Snapshot task inputs for :app:compileDebugNavigationResources'
2026-06-05T01:40:07.340+0530 [LIFECYCLE] [class org.gradle.internal.buildevents.TaskExecutionLogger] 
2026-06-05T01:40:07.340+0530 [LIFECYCLE] [class org.gradle.internal.buildevents.TaskExecutionLogger] > Task :app:compileDebugNavigationResources UP-TO-DATE
2026-06-05T01:40:07.340+0530 [DEBUG] [org.gradle.api.internal.tasks.execution.ResolveTaskExecutionModeExecuter] Putting task artifact state for task ':app:compileDebugNavigationResources' into context took 0.0 secs.
2026-06-05T01:40:07.340+0530 [DEBUG] [org.gradle.internal.execution.steps.AbstractCaptureStateBeforeExecutionStep] Implementation for task ':app:compileDebugNavigationResources': com.android.build.gradle.tasks.CompileNavigationXmlTask_Decorated@f04db97316edebf2f33521b44f96dddf
2026-06-05T01:40:07.340+0530 [DEBUG] [org.gradle.internal.execution.steps.AbstractCaptureStateBeforeExecutionStep] Additional implementations for task ':app:compileDebugNavigationResources': [com.android.build.gradle.tasks.CompileNavigationXmlTask_Decorated@f04db97316edebf2f33521b44f96dddf]
2026-06-05T01:40:07.341+0530 [DEBUG] [org.gradle.internal.operations.DefaultBuildOperationRunner] Build operation 'Snapshot inputs and outputs before executing task ':app:compileDebugNavigationResources'' completed
2026-06-05T01:40:07.341+0530 [INFO] [org.gradle.internal.execution.steps.AbstractResolveCachingStateStep] Build cache key for task ':app:compileDebugNavigationResources' is d736109bf3e305d63883a90b1964894c
2026-06-05T01:40:07.346+0530 [DEBUG] [org.gradle.internal.operations.DefaultBuildOperationRunner] Build operation 'Snapshot task inputs for :app:compileDebugNavigationResources' completed
2026-06-05T01:40:07.346+0530 [DEBUG] [org.gradle.internal.execution.steps.SkipUpToDateStep] Determining if task ':app:compileDebugNavigationResources' is up-to-date
2026-06-05T01:40:07.346+0530 [INFO] [org.gradle.internal.execution.steps.SkipUpToDateStep] Skipping task ':app:compileDebugNavigationResources' as it is up-to-date.
2026-06-05T01:40:07.346+0530 [DEBUG] [org.gradle.api.internal.tasks.execution.ResolveTaskExecutionModeExecuter] Removed task artifact state for task ':app:compileDebugNavigationResources' from context.
2026-06-05T01:40:07.346+0530 [DEBUG] [org.gradle.internal.operations.DefaultBuildOperationRunner] Completing Build operation 'Task :app:compileDebugNavigationResources'
2026-06-05T01:40:07.346+0530 [DEBUG] [org.gradle.internal.operations.DefaultBuildOperationRunner] Build operation 'Task :app:compileDebugNavigationResources' completed
2026-06-05T01:40:07.346+0530 [DEBUG] [org.gradle.execution.plan.DefaultFinalizedExecutionPlan] Node :app:compileDebugNavigationResources completed, executed: true
2026-06-05T01:40:07.346+0530 [DEBUG] [org.gradle.execution.plan.DefaultFinalizedExecutionPlan] Node :app:compileDebugNavigationResources finished executing
2026-06-05T01:40:07.346+0530 [DEBUG] [org.gradle.internal.resources.AbstractTrackedResourceLock] included builds: released lock on lease for com.android.build.gradle.internal.services.Aapt2DaemonBuildService_ebe4437d-60db-49c9-ad8d-46d94064ae56
2026-06-05T01:40:07.346+0530 [DEBUG] [org.gradle.internal.resources.AbstractTrackedResourceLock] included builds: released lock on worker lease
2026-06-05T01:40:07.346+0530 [DEBUG] [org.gradle.internal.resources.AbstractTrackedResourceLock] Execution worker Thread 7: acquired lock on worker lease
2026-06-05T01:40:07.347+0530 [DEBUG] [org.gradle.internal.resources.AbstractTrackedResourceLock] Execution worker Thread 7: released lock on worker lease
2026-06-05T01:40:07.341+0530 [DEBUG] [org.gradle.internal.operations.DefaultBuildOperationRunner] Completing Build operation 'Resolve mutations for task :app:dataBindingGenBaseClassesDebug'
2026-06-05T01:40:07.348+0530 [DEBUG] [org.gradle.internal.operations.DefaultBuildOperationRunner] Build operation 'Resolve mutations for task :app:dataBindingGenBaseClassesDebug' completed
2026-06-05T01:40:07.348+0530 [DEBUG] [org.gradle.execution.plan.DefaultFinalizedExecutionPlan] Node Resolve mutations for :app:dataBindingGenBaseClassesDebug completed, executed: true
2026-06-05T01:40:07.348+0530 [DEBUG] [org.gradle.execution.plan.DefaultFinalizedExecutionPlan] Node Resolve mutations for :app:dataBindingGenBaseClassesDebug finished executing
2026-06-05T01:40:07.348+0530 [DEBUG] [org.gradle.internal.operations.DefaultBuildOperationRunner] Build operation 'Snapshot inputs and outputs before executing task ':translator:jar'' started
2026-06-05T01:40:07.348+0530 [INFO] [org.gradle.execution.plan.DefaultPlanExecutor] :app:dataBindingGenBaseClassesDebug (Thread[#1690,Execution worker Thread 3,5,main]) started.
2026-06-05T01:40:07.348+0530 [DEBUG] [org.gradle.internal.operations.DefaultBuildOperationRunner] Build operation 'Task :app:dataBindingGenBaseClassesDebug' started
2026-06-05T01:40:07.349+0530 [DEBUG] [org.gradle.internal.operations.DefaultBuildOperationRunner] Build operation 'Snapshot task inputs for :app:dataBindingGenBaseClassesDebug' started
2026-06-05T01:40:07.349+0530 [DEBUG] [org.gradle.internal.operations.DefaultBuildOperationRunner] Build operation 'Snapshot inputs and outputs before executing task ':app:dataBindingGenBaseClassesDebug'' started
2026-06-05T01:40:07.350+0530 [DEBUG] [org.gradle.internal.operations.DefaultBuildOperationRunner] Build operation 'Fingerprint transform inputs' started
2026-06-05T01:40:07.350+0530 [DEBUG] [org.gradle.internal.operations.DefaultBuildOperationRunner] Completing Build operation 'Fingerprint transform inputs'
2026-06-05T01:40:07.351+0530 [DEBUG] [org.gradle.internal.operations.DefaultBuildOperationRunner] Build operation 'Snapshot task inputs for :app:processDebugMainManifest' started
2026-06-05T01:40:07.351+0530 [DEBUG] [org.gradle.internal.operations.DefaultBuildOperationRunner] Build operation 'Snapshot inputs and outputs before executing task ':app:processDebugMainManifest'' started
2026-06-05T01:40:07.352+0530 [DEBUG] [org.gradle.internal.operations.DefaultBuildOperationRunner] Build operation 'Fingerprint transform inputs' started
2026-06-05T01:40:07.352+0530 [DEBUG] [org.gradle.internal.operations.DefaultBuildOperationRunner] Completing Build operation 'Fingerprint transform inputs'
2026-06-05T01:40:07.350+0530 [DEBUG] [org.gradle.internal.resources.AbstractTrackedResourceLock] Execution worker Thread 2: acquired lock on worker lease
2026-06-05T01:40:07.352+0530 [DEBUG] [org.gradle.internal.resources.AbstractTrackedResourceLock] Execution worker Thread 2: released lock on worker lease
2026-06-05T01:40:07.353+0530 [DEBUG] [org.gradle.internal.operations.DefaultBuildOperationRunner] Completing Build operation 'Snapshot inputs and outputs before executing task ':translator:jar''
2026-06-05T01:40:07.354+0530 [DEBUG] [org.gradle.internal.operations.DefaultBuildOperationRunner] Completing Build operation 'Snapshot task inputs for :translator:jar'
2026-06-05T01:40:07.342+0530 [LIFECYCLE] [class org.gradle.internal.buildevents.TaskExecutionLogger] 
2026-06-05T01:40:07.342+0530 [LIFECYCLE] [class org.gradle.internal.buildevents.TaskExecutionLogger] > Task :translator:jar UP-TO-DATE
2026-06-05T01:40:07.342+0530 [DEBUG] [org.gradle.api.internal.tasks.execution.ResolveTaskExecutionModeExecuter] Putting task artifact state for task ':translator:jar' into context took 0.0 secs.
2026-06-05T01:40:07.348+0530 [DEBUG] [org.gradle.internal.execution.steps.AbstractCaptureStateBeforeExecutionStep] Implementation for task ':translator:jar': org.gradle.api.tasks.bundling.Jar_Decorated@24d7551fb10361692103cfc702a8fff3
2026-06-05T01:40:07.353+0530 [DEBUG] [org.gradle.internal.execution.steps.AbstractCaptureStateBeforeExecutionStep] Additional implementations for task ':translator:jar': [org.gradle.api.tasks.bundling.Jar_Decorated@0fe2552bd2b931ed258b6857d8ab9e9f]
2026-06-05T01:40:07.353+0530 [DEBUG] [org.gradle.internal.operations.DefaultBuildOperationRunner] Build operation 'Snapshot inputs and outputs before executing task ':translator:jar'' completed
2026-06-05T01:40:07.353+0530 [INFO] [org.gradle.internal.execution.steps.AbstractResolveCachingStateStep] Caching disabled for task ':translator:jar' because:
  Not worth caching
2026-06-05T01:40:07.354+0530 [DEBUG] [org.gradle.internal.operations.DefaultBuildOperationRunner] Build operation 'Snapshot task inputs for :translator:jar' completed
2026-06-05T01:40:07.354+0530 [DEBUG] [org.gradle.internal.execution.steps.SkipUpToDateStep] Determining if task ':translator:jar' is up-to-date
2026-06-05T01:40:07.354+0530 [INFO] [org.gradle.internal.execution.steps.SkipUpToDateStep] Skipping task ':translator:jar' as it is up-to-date.
2026-06-05T01:40:07.354+0530 [DEBUG] [org.gradle.api.internal.tasks.execution.ResolveTaskExecutionModeExecuter] Removed task artifact state for task ':translator:jar' from context.
2026-06-05T01:40:07.354+0530 [DEBUG] [org.gradle.internal.operations.DefaultBuildOperationRunner] Completing Build operation 'Task :translator:jar'
2026-06-05T01:40:07.354+0530 [DEBUG] [org.gradle.internal.operations.DefaultBuildOperationRunner] Build operation 'Task :translator:jar' completed
2026-06-05T01:40:07.353+0530 [DEBUG] [org.gradle.internal.resources.AbstractTrackedResourceLock] Execution worker Thread 5: acquired lock on worker lease
2026-06-05T01:40:07.355+0530 [DEBUG] [org.gradle.internal.resources.AbstractTrackedResourceLock] Execution worker Thread 5: released lock on worker lease
2026-06-05T01:40:07.355+0530 [DEBUG] [org.gradle.execution.plan.DefaultFinalizedExecutionPlan] Node :nyora-web-shared:compileKotlinJvm completed, executed: true
2026-06-05T01:40:07.355+0530 [DEBUG] [org.gradle.execution.plan.DefaultFinalizedExecutionPlan] Node :nyora-web-shared:compileKotlinJvm finished executing
2026-06-05T01:40:07.355+0530 [DEBUG] [org.gradle.internal.operations.DefaultBuildOperationRunner] Build operation 'Fingerprint transform inputs' started
2026-06-05T01:40:07.355+0530 [DEBUG] [org.gradle.internal.resources.AbstractTrackedResourceLock] Execution worker Thread 2: acquired lock on worker lease
2026-06-05T01:40:07.355+0530 [DEBUG] [org.gradle.internal.resources.AbstractTrackedResourceLock] Execution worker Thread 2: released lock on worker lease
2026-06-05T01:40:07.355+0530 [INFO] [org.gradle.execution.plan.DefaultPlanExecutor] Resolve mutations for :nyora-web-shared:compileJvmMainJava (Thread[#1693,Execution worker Thread 6,5,main]) started.
2026-06-05T01:40:07.355+0530 [DEBUG] [org.gradle.internal.resources.AbstractTrackedResourceLock] Execution worker Thread 5: acquired lock on worker lease
2026-06-05T01:40:07.355+0530 [DEBUG] [org.gradle.internal.resources.AbstractTrackedResourceLock] Execution worker Thread 5: released lock on worker lease
2026-06-05T01:40:07.355+0530 [DEBUG] [org.gradle.internal.operations.DefaultBuildOperationRunner] Completing Build operation 'Fingerprint transform inputs'
2026-06-05T01:40:07.355+0530 [DEBUG] [org.gradle.execution.plan.DefaultFinalizedExecutionPlan] Node :translator:jar completed, executed: true
2026-06-05T01:40:07.356+0530 [DEBUG] [org.gradle.execution.plan.DefaultFinalizedExecutionPlan] Node :translator:jar finished executing
2026-06-05T01:40:07.355+0530 [DEBUG] [org.gradle.internal.operations.DefaultBuildOperationRunner] Build operation 'Resolve mutations for task :nyora-web-shared:compileJvmMainJava' started
2026-06-05T01:40:07.356+0530 [INFO] [org.gradle.execution.plan.DefaultPlanExecutor] work action resolve translator-1.1.1.jar (project :translator) (Thread[#1688,Execution worker,5,main]) started.
2026-06-05T01:40:07.356+0530 [DEBUG] [org.gradle.execution.plan.DefaultFinalizedExecutionPlan] Node work action null completed, executed: true
2026-06-05T01:40:07.356+0530 [DEBUG] [org.gradle.execution.plan.DefaultFinalizedExecutionPlan] Node work action null finished executing
2026-06-05T01:40:07.356+0530 [INFO] [org.gradle.execution.plan.DefaultPlanExecutor] IdentityTransform (Thread[#1688,Execution worker,5,main]) started.
2026-06-05T01:40:07.356+0530 [DEBUG] [org.gradle.internal.operations.DefaultBuildOperationRunner] Build operation 'Transform translator-1.1.1.jar (project :translator) with IdentityTransform' started
2026-06-05T01:40:07.356+0530 [DEBUG] [org.gradle.internal.operations.DefaultBuildOperationRunner] Completing Build operation 'Resolve mutations for task :nyora-web-shared:compileJvmMainJava'
2026-06-05T01:40:07.356+0530 [DEBUG] [org.gradle.internal.operations.DefaultBuildOperationRunner] Build operation 'Resolve mutations for task :nyora-web-shared:compileJvmMainJava' completed
2026-06-05T01:40:07.356+0530 [DEBUG] [org.gradle.internal.operations.DefaultBuildOperationRunner] Completing Build operation 'Transform translator-1.1.1.jar (project :translator) with IdentityTransform'
2026-06-05T01:40:07.356+0530 [DEBUG] [org.gradle.internal.operations.DefaultBuildOperationRunner] Build operation 'Transform translator-1.1.1.jar (project :translator) with IdentityTransform' completed
2026-06-05T01:40:07.356+0530 [DEBUG] [org.gradle.internal.resources.AbstractTrackedResourceLock] Execution worker Thread 7: acquired lock on worker lease
2026-06-05T01:40:07.357+0530 [DEBUG] [org.gradle.internal.resources.AbstractTrackedResourceLock] Execution worker Thread 7: released lock on worker lease
2026-06-05T01:40:07.357+0530 [DEBUG] [org.gradle.internal.resources.AbstractTrackedResourceLock] included builds: acquired lock on worker lease
2026-06-05T01:40:07.357+0530 [DEBUG] [org.gradle.internal.resources.AbstractTrackedResourceLock] included builds: released lock on worker lease
2026-06-05T01:40:07.357+0530 [DEBUG] [org.gradle.execution.plan.DefaultFinalizedExecutionPlan] Node IdentityTransform completed, executed: true
2026-06-05T01:40:07.357+0530 [DEBUG] [org.gradle.execution.plan.DefaultFinalizedExecutionPlan] Node IdentityTransform finished executing
2026-06-05T01:40:07.357+0530 [DEBUG] [org.gradle.internal.resources.AbstractTrackedResourceLock] Execution worker: released lock on worker lease
2026-06-05T01:40:07.358+0530 [DEBUG] [org.gradle.execution.plan.DefaultFinalizedExecutionPlan] Node Resolve mutations for :nyora-web-shared:compileJvmMainJava completed, executed: true
2026-06-05T01:40:07.358+0530 [DEBUG] [org.gradle.execution.plan.DefaultFinalizedExecutionPlan] Node Resolve mutations for :nyora-web-shared:compileJvmMainJava finished executing
2026-06-05T01:40:07.358+0530 [DEBUG] [org.gradle.internal.operations.DefaultBuildOperationRunner] Completing Build operation 'Snapshot inputs and outputs before executing task ':app:dataBindingGenBaseClassesDebug''
2026-06-05T01:40:07.358+0530 [DEBUG] [org.gradle.internal.resources.AbstractTrackedResourceLock] Execution worker Thread 5: acquired lock on worker lease
2026-06-05T01:40:07.358+0530 [DEBUG] [org.gradle.internal.resources.AbstractTrackedResourceLock] Execution worker Thread 5: released lock on worker lease
2026-06-05T01:40:07.358+0530 [INFO] [org.gradle.execution.plan.DefaultPlanExecutor] :nyora-web-shared:compileJvmMainJava (Thread[#1693,Execution worker Thread 6,5,main]) started.
2026-06-05T01:40:07.358+0530 [DEBUG] [org.gradle.internal.operations.DefaultBuildOperationRunner] Build operation 'Task :nyora-web-shared:compileJvmMainJava' started
2026-06-05T01:40:07.358+0530 [DEBUG] [org.gradle.internal.operations.DefaultBuildOperationRunner] Completing Build operation 'Snapshot task inputs for :app:dataBindingGenBaseClassesDebug'
2026-06-05T01:40:07.358+0530 [DEBUG] [org.gradle.internal.operations.DefaultBuildOperationRunner] Build operation 'Snapshot task inputs for :nyora-web-shared:compileJvmMainJava' started
2026-06-05T01:40:07.358+0530 [DEBUG] [org.gradle.internal.resources.AbstractTrackedResourceLock] Execution worker Thread 2: acquired lock on worker lease
2026-06-05T01:40:07.359+0530 [DEBUG] [org.gradle.internal.resources.AbstractTrackedResourceLock] Execution worker Thread 2: released lock on worker lease
2026-06-05T01:40:07.349+0530 [LIFECYCLE] [class org.gradle.internal.buildevents.TaskExecutionLogger] 
2026-06-05T01:40:07.349+0530 [LIFECYCLE] [class org.gradle.internal.buildevents.TaskExecutionLogger] > Task :app:dataBindingGenBaseClassesDebug UP-TO-DATE
2026-06-05T01:40:07.349+0530 [DEBUG] [org.gradle.api.internal.tasks.execution.ResolveTaskExecutionModeExecuter] Putting task artifact state for task ':app:dataBindingGenBaseClassesDebug' into context took 0.0 secs.
2026-06-05T01:40:07.349+0530 [DEBUG] [org.gradle.internal.execution.steps.AbstractCaptureStateBeforeExecutionStep] Implementation for task ':app:dataBindingGenBaseClassesDebug': com.android.build.gradle.internal.tasks.databinding.DataBindingGenBaseClassesTask_Decorated@f04db97316edebf2f33521b44f96dddf
2026-06-05T01:40:07.349+0530 [DEBUG] [org.gradle.internal.execution.steps.AbstractCaptureStateBeforeExecutionStep] Additional implementations for task ':app:dataBindingGenBaseClassesDebug': [com.android.build.gradle.internal.tasks.databinding.DataBindingGenBaseClassesTask_Decorated@f04db97316edebf2f33521b44f96dddf]
2026-06-05T01:40:07.350+0530 [DEBUG] [org.gradle.internal.operations.DefaultBuildOperationRunner] Build operation 'Fingerprint transform inputs' completed
2026-06-05T01:40:07.355+0530 [DEBUG] [org.gradle.internal.operations.DefaultBuildOperationRunner] Build operation 'Fingerprint transform inputs' completed
2026-06-05T01:40:07.358+0530 [DEBUG] [org.gradle.internal.operations.DefaultBuildOperationRunner] Build operation 'Snapshot inputs and outputs before executing task ':app:dataBindingGenBaseClassesDebug'' completed
2026-06-05T01:40:07.358+0530 [INFO] [org.gradle.internal.execution.steps.AbstractResolveCachingStateStep] Build cache key for task ':app:dataBindingGenBaseClassesDebug' is 7674c5da09439ea7aac5f915c2f407b9
2026-06-05T01:40:07.358+0530 [DEBUG] [org.gradle.internal.operations.DefaultBuildOperationRunner] Build operation 'Snapshot task inputs for :app:dataBindingGenBaseClassesDebug' completed
2026-06-05T01:40:07.358+0530 [DEBUG] [org.gradle.internal.execution.steps.SkipUpToDateStep] Determining if task ':app:dataBindingGenBaseClassesDebug' is up-to-date
2026-06-05T01:40:07.358+0530 [INFO] [org.gradle.internal.execution.steps.SkipUpToDateStep] Skipping task ':app:dataBindingGenBaseClassesDebug' as it is up-to-date.
2026-06-05T01:40:07.358+0530 [DEBUG] [org.gradle.api.internal.tasks.execution.ResolveTaskExecutionModeExecuter] Removed task artifact state for task ':app:dataBindingGenBaseClassesDebug' from context.
2026-06-05T01:40:07.359+0530 [DEBUG] [org.gradle.internal.operations.DefaultBuildOperationRunner] Completing Build operation 'Snapshot task inputs for :nyora-web-shared:compileJvmMainJava'
2026-06-05T01:40:07.359+0530 [DEBUG] [org.gradle.internal.resources.AbstractTrackedResourceLock] Execution worker: acquired lock on worker lease
2026-06-05T01:40:07.359+0530 [DEBUG] [org.gradle.internal.resources.AbstractTrackedResourceLock] Execution worker: released lock on worker lease
2026-06-05T01:40:07.359+0530 [DEBUG] [org.gradle.internal.operations.DefaultBuildOperationRunner] Completing Build operation 'Task :app:dataBindingGenBaseClassesDebug'
2026-06-05T01:40:07.359+0530 [DEBUG] [org.gradle.internal.operations.DefaultBuildOperationRunner] Build operation 'Task :app:dataBindingGenBaseClassesDebug' completed
2026-06-05T01:40:07.359+0530 [DEBUG] [org.gradle.internal.resources.AbstractTrackedResourceLock] included builds: acquired lock on worker lease
2026-06-05T01:40:07.360+0530 [DEBUG] [org.gradle.internal.resources.AbstractTrackedResourceLock] included builds: released lock on worker lease
2026-06-05T01:40:07.360+0530 [DEBUG] [org.gradle.internal.resources.AbstractTrackedResourceLock] Execution worker Thread 7: acquired lock on worker lease
2026-06-05T01:40:07.359+0530 [DEBUG] [org.gradle.internal.operations.DefaultBuildOperationRunner] Build operation 'Fingerprint transform inputs' started
2026-06-05T01:40:07.362+0530 [DEBUG] [org.gradle.internal.resources.AbstractTrackedResourceLock] Execution worker Thread 7: released lock on worker lease
2026-06-05T01:40:07.358+0530 [LIFECYCLE] [class org.gradle.internal.buildevents.TaskExecutionLogger] 
2026-06-05T01:40:07.358+0530 [LIFECYCLE] [class org.gradle.internal.buildevents.TaskExecutionLogger] > Task :nyora-web-shared:compileJvmMainJava NO-SOURCE
2026-06-05T01:40:07.358+0530 [DEBUG] [org.gradle.api.internal.tasks.execution.ResolveTaskExecutionModeExecuter] Putting task artifact state for task ':nyora-web-shared:compileJvmMainJava' into context took 0.0 secs.
2026-06-05T01:40:07.358+0530 [INFO] [org.gradle.internal.execution.steps.SkipEmptyIncrementalWorkStep] Skipping task ':nyora-web-shared:compileJvmMainJava' as it has no source files and no previous output files.
2026-06-05T01:40:07.359+0530 [DEBUG] [org.gradle.internal.operations.DefaultBuildOperationRunner] Build operation 'Snapshot task inputs for :nyora-web-shared:compileJvmMainJava' completed
2026-06-05T01:40:07.359+0530 [DEBUG] [org.gradle.api.internal.tasks.execution.ResolveTaskExecutionModeExecuter] Removed task artifact state for task ':nyora-web-shared:compileJvmMainJava' from context.
2026-06-05T01:40:07.362+0530 [DEBUG] [org.gradle.execution.plan.DefaultFinalizedExecutionPlan] Node :app:dataBindingGenBaseClassesDebug completed, executed: true
2026-06-05T01:40:07.362+0530 [DEBUG] [org.gradle.internal.operations.DefaultBuildOperationRunner] Completing Build operation 'Fingerprint transform inputs'
2026-06-05T01:40:07.362+0530 [DEBUG] [org.gradle.internal.operations.DefaultBuildOperationRunner] Completing Build operation 'Task :nyora-web-shared:compileJvmMainJava'
2026-06-05T01:40:07.362+0530 [DEBUG] [org.gradle.internal.operations.DefaultBuildOperationRunner] Build operation 'Task :nyora-web-shared:compileJvmMainJava' completed
2026-06-05T01:40:07.362+0530 [DEBUG] [org.gradle.execution.plan.DefaultFinalizedExecutionPlan] Node :app:dataBindingGenBaseClassesDebug finished executing
2026-06-05T01:40:07.362+0530 [DEBUG] [org.gradle.internal.resources.AbstractTrackedResourceLock] Execution worker Thread 3: released lock on worker lease
2026-06-05T01:40:07.362+0530 [DEBUG] [org.gradle.internal.resources.AbstractTrackedResourceLock] Execution worker Thread 5: acquired lock on worker lease
2026-06-05T01:40:07.362+0530 [DEBUG] [org.gradle.internal.resources.AbstractTrackedResourceLock] Execution worker Thread 5: released lock on worker lease
2026-06-05T01:40:07.362+0530 [DEBUG] [org.gradle.internal.resources.AbstractTrackedResourceLock] Execution worker Thread 7: acquired lock on worker lease
2026-06-05T01:40:07.362+0530 [DEBUG] [org.gradle.internal.resources.AbstractTrackedResourceLock] Execution worker Thread 7: released lock on worker lease
2026-06-05T01:40:07.363+0530 [DEBUG] [org.gradle.internal.resources.AbstractTrackedResourceLock] included builds: acquired lock on worker lease
2026-06-05T01:40:07.363+0530 [DEBUG] [org.gradle.internal.resources.AbstractTrackedResourceLock] included builds: released lock on worker lease
2026-06-05T01:40:07.363+0530 [DEBUG] [org.gradle.internal.resources.AbstractTrackedResourceLock] Execution worker: acquired lock on worker lease
2026-06-05T01:40:07.363+0530 [DEBUG] [org.gradle.internal.resources.AbstractTrackedResourceLock] Execution worker: released lock on worker lease
2026-06-05T01:40:07.363+0530 [DEBUG] [org.gradle.internal.resources.AbstractTrackedResourceLock] Execution worker Thread 2: acquired lock on worker lease
2026-06-05T01:40:07.363+0530 [DEBUG] [org.gradle.internal.resources.AbstractTrackedResourceLock] Execution worker Thread 2: released lock on worker lease
2026-06-05T01:40:07.363+0530 [DEBUG] [org.gradle.execution.plan.DefaultFinalizedExecutionPlan] Node :nyora-web-shared:compileJvmMainJava completed, executed: true
2026-06-05T01:40:07.363+0530 [DEBUG] [org.gradle.execution.plan.DefaultFinalizedExecutionPlan] Node :nyora-web-shared:compileJvmMainJava finished executing
2026-06-05T01:40:07.363+0530 [INFO] [org.gradle.execution.plan.DefaultPlanExecutor] Resolve mutations for :nyora-web-shared:jvmMainClasses (Thread[#1693,Execution worker Thread 6,5,main]) started.
2026-06-05T01:40:07.363+0530 [DEBUG] [org.gradle.internal.operations.DefaultBuildOperationRunner] Build operation 'Resolve mutations for task :nyora-web-shared:jvmMainClasses' started
2026-06-05T01:40:07.363+0530 [DEBUG] [org.gradle.internal.operations.DefaultBuildOperationRunner] Completing Build operation 'Resolve mutations for task :nyora-web-shared:jvmMainClasses'
2026-06-05T01:40:07.363+0530 [DEBUG] [org.gradle.internal.operations.DefaultBuildOperationRunner] Build operation 'Resolve mutations for task :nyora-web-shared:jvmMainClasses' completed
2026-06-05T01:40:07.364+0530 [DEBUG] [org.gradle.internal.resources.AbstractTrackedResourceLock] Execution worker Thread 3: acquired lock on worker lease
2026-06-05T01:40:07.364+0530 [DEBUG] [org.gradle.internal.resources.AbstractTrackedResourceLock] Execution worker Thread 3: released lock on worker lease
2026-06-05T01:40:07.364+0530 [DEBUG] [org.gradle.execution.plan.DefaultFinalizedExecutionPlan] Node Resolve mutations for :nyora-web-shared:jvmMainClasses completed, executed: true
2026-06-05T01:40:07.364+0530 [DEBUG] [org.gradle.execution.plan.DefaultFinalizedExecutionPlan] Node Resolve mutations for :nyora-web-shared:jvmMainClasses finished executing
2026-06-05T01:40:07.364+0530 [DEBUG] [org.gradle.internal.resources.AbstractTrackedResourceLock] Execution worker Thread 2: acquired lock on worker lease
2026-06-05T01:40:07.364+0530 [DEBUG] [org.gradle.internal.resources.AbstractTrackedResourceLock] Execution worker Thread 2: released lock on worker lease
2026-06-05T01:40:07.364+0530 [INFO] [org.gradle.execution.plan.DefaultPlanExecutor] :nyora-web-shared:jvmMainClasses (Thread[#1693,Execution worker Thread 6,5,main]) started.
2026-06-05T01:40:07.364+0530 [DEBUG] [org.gradle.internal.resources.AbstractTrackedResourceLock] Execution worker: acquired lock on worker lease
2026-06-05T01:40:07.364+0530 [DEBUG] [org.gradle.internal.resources.AbstractTrackedResourceLock] Execution worker: released lock on worker lease
2026-06-05T01:40:07.364+0530 [DEBUG] [org.gradle.internal.operations.DefaultBuildOperationRunner] Build operation 'Task :nyora-web-shared:jvmMainClasses' started
2026-06-05T01:40:07.364+0530 [DEBUG] [org.gradle.internal.resources.AbstractTrackedResourceLock] included builds: acquired lock on worker lease
2026-06-05T01:40:07.364+0530 [DEBUG] [org.gradle.internal.resources.AbstractTrackedResourceLock] included builds: released lock on worker lease
2026-06-05T01:40:07.364+0530 [DEBUG] [org.gradle.internal.resources.AbstractTrackedResourceLock] Execution worker Thread 7: acquired lock on worker lease
2026-06-05T01:40:07.364+0530 [DEBUG] [org.gradle.internal.resources.AbstractTrackedResourceLock] Execution worker Thread 7: released lock on worker lease
2026-06-05T01:40:07.364+0530 [DEBUG] [org.gradle.internal.resources.AbstractTrackedResourceLock] Execution worker Thread 5: acquired lock on worker lease
2026-06-05T01:40:07.364+0530 [DEBUG] [org.gradle.internal.resources.AbstractTrackedResourceLock] Execution worker Thread 5: released lock on worker lease
2026-06-05T01:40:07.364+0530 [LIFECYCLE] [class org.gradle.internal.buildevents.TaskExecutionLogger] 
2026-06-05T01:40:07.364+0530 [LIFECYCLE] [class org.gradle.internal.buildevents.TaskExecutionLogger] > Task :nyora-web-shared:jvmMainClasses UP-TO-DATE
2026-06-05T01:40:07.364+0530 [INFO] [org.gradle.api.internal.tasks.execution.SkipTaskWithNoActionsExecuter] Skipping task ':nyora-web-shared:jvmMainClasses' as it has no actions.
2026-06-05T01:40:07.365+0530 [DEBUG] [org.gradle.internal.resources.AbstractTrackedResourceLock] Execution worker Thread 3: acquired lock on worker lease
2026-06-05T01:40:07.365+0530 [DEBUG] [org.gradle.internal.resources.AbstractTrackedResourceLock] Execution worker Thread 3: released lock on worker lease
2026-06-05T01:40:07.365+0530 [DEBUG] [org.gradle.internal.operations.DefaultBuildOperationRunner] Completing Build operation 'Task :nyora-web-shared:jvmMainClasses'
2026-06-05T01:40:07.365+0530 [DEBUG] [org.gradle.internal.operations.DefaultBuildOperationRunner] Build operation 'Task :nyora-web-shared:jvmMainClasses' completed
2026-06-05T01:40:07.365+0530 [DEBUG] [org.gradle.execution.plan.DefaultFinalizedExecutionPlan] Node :nyora-web-shared:jvmMainClasses completed, executed: true
2026-06-05T01:40:07.365+0530 [DEBUG] [org.gradle.execution.plan.DefaultFinalizedExecutionPlan] Node :nyora-web-shared:jvmMainClasses finished executing
2026-06-05T01:40:07.365+0530 [DEBUG] [org.gradle.internal.operations.DefaultBuildOperationRunner] Completing Build operation 'Snapshot inputs and outputs before executing task ':app:processDebugMainManifest''
2026-06-05T01:40:07.365+0530 [DEBUG] [org.gradle.internal.resources.AbstractTrackedResourceLock] Execution worker Thread 2: acquired lock on worker lease
2026-06-05T01:40:07.365+0530 [DEBUG] [org.gradle.internal.resources.AbstractTrackedResourceLock] Execution worker Thread 2: released lock on worker lease
2026-06-05T01:40:07.365+0530 [INFO] [org.gradle.execution.plan.DefaultPlanExecutor] Resolve mutations for :nyora-web-shared:jvmJar (Thread[#1693,Execution worker Thread 6,5,main]) started.
2026-06-05T01:40:07.365+0530 [DEBUG] [org.gradle.internal.resources.AbstractTrackedResourceLock] Execution worker Thread 3: acquired lock on worker lease
2026-06-05T01:40:07.365+0530 [DEBUG] [org.gradle.internal.resources.AbstractTrackedResourceLock] Execution worker Thread 3: released lock on worker lease
2026-06-05T01:40:07.365+0530 [DEBUG] [org.gradle.internal.operations.DefaultBuildOperationRunner] Build operation 'Resolve mutations for task :nyora-web-shared:jvmJar' started
2026-06-05T01:40:07.365+0530 [DEBUG] [org.gradle.internal.resources.AbstractTrackedResourceLock] Execution worker Thread 5: acquired lock on worker lease
2026-06-05T01:40:07.365+0530 [DEBUG] [org.gradle.internal.resources.AbstractTrackedResourceLock] Execution worker Thread 5: released lock on worker lease
2026-06-05T01:40:07.366+0530 [DEBUG] [org.gradle.internal.operations.DefaultBuildOperationRunner] Completing Build operation 'Resolve mutations for task :nyora-web-shared:jvmJar'
2026-06-05T01:40:07.366+0530 [DEBUG] [org.gradle.internal.operations.DefaultBuildOperationRunner] Build operation 'Resolve mutations for task :nyora-web-shared:jvmJar' completed
2026-06-05T01:40:07.366+0530 [DEBUG] [org.gradle.internal.resources.AbstractTrackedResourceLock] Execution worker Thread 7: acquired lock on worker lease
2026-06-05T01:40:07.366+0530 [DEBUG] [org.gradle.internal.resources.AbstractTrackedResourceLock] Execution worker Thread 7: released lock on worker lease
2026-06-05T01:40:07.366+0530 [DEBUG] [org.gradle.internal.resources.AbstractTrackedResourceLock] included builds: acquired lock on worker lease
2026-06-05T01:40:07.366+0530 [DEBUG] [org.gradle.internal.resources.AbstractTrackedResourceLock] included builds: released lock on worker lease
2026-06-05T01:40:07.366+0530 [DEBUG] [org.gradle.internal.operations.DefaultBuildOperationRunner] Completing Build operation 'Snapshot task inputs for :app:processDebugMainManifest'
2026-06-05T01:40:07.366+0530 [DEBUG] [org.gradle.internal.resources.AbstractTrackedResourceLock] Execution worker: acquired lock on worker lease
2026-06-05T01:40:07.366+0530 [DEBUG] [org.gradle.internal.resources.AbstractTrackedResourceLock] Execution worker: released lock on worker lease
2026-06-05T01:40:07.366+0530 [DEBUG] [org.gradle.execution.plan.DefaultFinalizedExecutionPlan] Node Resolve mutations for :nyora-web-shared:jvmJar completed, executed: true
2026-06-05T01:40:07.366+0530 [DEBUG] [org.gradle.execution.plan.DefaultFinalizedExecutionPlan] Node Resolve mutations for :nyora-web-shared:jvmJar finished executing
2026-06-05T01:40:07.366+0530 [INFO] [org.gradle.execution.plan.DefaultPlanExecutor] :nyora-web-shared:jvmJar (Thread[#1693,Execution worker Thread 6,5,main]) started.
2026-06-05T01:40:07.366+0530 [DEBUG] [org.gradle.internal.resources.AbstractTrackedResourceLock] Execution worker Thread 2: acquired lock on worker lease
2026-06-05T01:40:07.367+0530 [DEBUG] [org.gradle.internal.resources.AbstractTrackedResourceLock] Execution worker Thread 2: released lock on worker lease
2026-06-05T01:40:07.367+0530 [DEBUG] [org.gradle.internal.operations.DefaultBuildOperationRunner] Build operation 'Task :nyora-web-shared:jvmJar' started
2026-06-05T01:40:07.342+0530 [LIFECYCLE] [class org.gradle.internal.buildevents.TaskExecutionLogger] 
2026-06-05T01:40:07.342+0530 [LIFECYCLE] [class org.gradle.internal.buildevents.TaskExecutionLogger] > Task :app:processDebugMainManifest UP-TO-DATE
2026-06-05T01:40:07.342+0530 [DEBUG] [org.gradle.api.internal.tasks.execution.ResolveTaskExecutionModeExecuter] Putting task artifact state for task ':app:processDebugMainManifest' into context took 0.0 secs.
2026-06-05T01:40:07.351+0530 [DEBUG] [org.gradle.internal.execution.steps.AbstractCaptureStateBeforeExecutionStep] Implementation for task ':app:processDebugMainManifest': com.android.build.gradle.tasks.ProcessApplicationManifest_Decorated@f04db97316edebf2f33521b44f96dddf
2026-06-05T01:40:07.351+0530 [DEBUG] [org.gradle.internal.execution.steps.AbstractCaptureStateBeforeExecutionStep] Additional implementations for task ':app:processDebugMainManifest': [com.android.build.gradle.tasks.ProcessApplicationManifest_Decorated@f04db97316edebf2f33521b44f96dddf]
2026-06-05T01:40:07.352+0530 [DEBUG] [org.gradle.internal.operations.DefaultBuildOperationRunner] Build operation 'Fingerprint transform inputs' completed
2026-06-05T01:40:07.362+0530 [DEBUG] [org.gradle.internal.operations.DefaultBuildOperationRunner] Build operation 'Fingerprint transform inputs' completed
2026-06-05T01:40:07.365+0530 [DEBUG] [org.gradle.internal.operations.DefaultBuildOperationRunner] Build operation 'Snapshot inputs and outputs before executing task ':app:processDebugMainManifest'' completed
2026-06-05T01:40:07.365+0530 [INFO] [org.gradle.internal.execution.steps.AbstractResolveCachingStateStep] Build cache key for task ':app:processDebugMainManifest' is 4ee0d03d3e8dc386bb30e2afcce65894
2026-06-05T01:40:07.366+0530 [DEBUG] [org.gradle.internal.operations.DefaultBuildOperationRunner] Build operation 'Snapshot task inputs for :app:processDebugMainManifest' completed
2026-06-05T01:40:07.366+0530 [DEBUG] [org.gradle.internal.execution.steps.SkipUpToDateStep] Determining if task ':app:processDebugMainManifest' is up-to-date
2026-06-05T01:40:07.366+0530 [INFO] [org.gradle.internal.execution.steps.SkipUpToDateStep] Skipping task ':app:processDebugMainManifest' as it is up-to-date.
2026-06-05T01:40:07.366+0530 [DEBUG] [org.gradle.api.internal.tasks.execution.ResolveTaskExecutionModeExecuter] Removed task artifact state for task ':app:processDebugMainManifest' from context.
2026-06-05T01:40:07.367+0530 [DEBUG] [org.gradle.internal.resources.AbstractTrackedResourceLock] Execution worker: acquired lock on worker lease
2026-06-05T01:40:07.367+0530 [DEBUG] [org.gradle.internal.resources.AbstractTrackedResourceLock] Execution worker: released lock on worker lease
2026-06-05T01:40:07.367+0530 [DEBUG] [org.gradle.internal.resources.AbstractTrackedResourceLock] included builds: acquired lock on worker lease
2026-06-05T01:40:07.367+0530 [DEBUG] [org.gradle.internal.resources.AbstractTrackedResourceLock] included builds: released lock on worker lease
2026-06-05T01:40:07.367+0530 [DEBUG] [org.gradle.internal.operations.DefaultBuildOperationRunner] Completing Build operation 'Task :app:processDebugMainManifest'
2026-06-05T01:40:07.367+0530 [DEBUG] [org.gradle.internal.operations.DefaultBuildOperationRunner] Build operation 'Task :app:processDebugMainManifest' completed
2026-06-05T01:40:07.367+0530 [DEBUG] [org.gradle.internal.resources.AbstractTrackedResourceLock] Execution worker Thread 7: acquired lock on worker lease
2026-06-05T01:40:07.367+0530 [DEBUG] [org.gradle.internal.resources.AbstractTrackedResourceLock] Execution worker Thread 7: released lock on worker lease
2026-06-05T01:40:07.367+0530 [DEBUG] [org.gradle.internal.resources.AbstractTrackedResourceLock] Execution worker Thread 5: acquired lock on worker lease
2026-06-05T01:40:07.367+0530 [DEBUG] [org.gradle.internal.resources.AbstractTrackedResourceLock] Execution worker Thread 5: released lock on worker lease
2026-06-05T01:40:07.367+0530 [DEBUG] [org.gradle.internal.operations.DefaultBuildOperationRunner] Build operation 'Snapshot task inputs for :nyora-web-shared:jvmJar' started
2026-06-05T01:40:07.368+0530 [DEBUG] [org.gradle.internal.resources.AbstractTrackedResourceLock] Execution worker Thread 3: acquired lock on worker lease
2026-06-05T01:40:07.368+0530 [DEBUG] [org.gradle.internal.resources.AbstractTrackedResourceLock] Execution worker Thread 3: released lock on worker lease
2026-06-05T01:40:07.368+0530 [DEBUG] [org.gradle.execution.plan.DefaultFinalizedExecutionPlan] Node :app:processDebugMainManifest completed, executed: true
2026-06-05T01:40:07.368+0530 [DEBUG] [org.gradle.execution.plan.DefaultFinalizedExecutionPlan] Node :app:processDebugMainManifest finished executing
2026-06-05T01:40:07.368+0530 [INFO] [org.gradle.execution.plan.DefaultPlanExecutor] Resolve mutations for :app:processDebugManifest (Thread[#1691,Execution worker Thread 4,5,main]) started.
2026-06-05T01:40:07.368+0530 [DEBUG] [org.gradle.internal.operations.DefaultBuildOperationRunner] Build operation 'Resolve mutations for task :app:processDebugManifest' started
2026-06-05T01:40:07.368+0530 [DEBUG] [org.gradle.internal.resources.AbstractTrackedResourceLock] Execution worker Thread 2: acquired lock on worker lease
2026-06-05T01:40:07.368+0530 [DEBUG] [org.gradle.internal.resources.AbstractTrackedResourceLock] Execution worker Thread 2: released lock on worker lease
2026-06-05T01:40:07.368+0530 [DEBUG] [org.gradle.internal.resources.AbstractTrackedResourceLock] Execution worker Thread 3: acquired lock on worker lease
2026-06-05T01:40:07.368+0530 [DEBUG] [org.gradle.internal.resources.AbstractTrackedResourceLock] Execution worker Thread 3: released lock on worker lease
2026-06-05T01:40:07.368+0530 [DEBUG] [org.gradle.internal.operations.DefaultBuildOperationRunner] Completing Build operation 'Resolve mutations for task :app:processDebugManifest'
2026-06-05T01:40:07.369+0530 [DEBUG] [org.gradle.internal.operations.DefaultBuildOperationRunner] Build operation 'Resolve mutations for task :app:processDebugManifest' completed
2026-06-05T01:40:07.368+0530 [DEBUG] [org.gradle.internal.resources.AbstractTrackedResourceLock] Execution worker Thread 5: acquired lock on worker lease
2026-06-05T01:40:07.369+0530 [DEBUG] [org.gradle.internal.resources.AbstractTrackedResourceLock] Execution worker Thread 5: released lock on worker lease
2026-06-05T01:40:07.369+0530 [DEBUG] [org.gradle.internal.resources.AbstractTrackedResourceLock] Execution worker Thread 7: acquired lock on worker lease
2026-06-05T01:40:07.369+0530 [DEBUG] [org.gradle.internal.resources.AbstractTrackedResourceLock] Execution worker Thread 7: released lock on worker lease
2026-06-05T01:40:07.369+0530 [DEBUG] [org.gradle.internal.resources.AbstractTrackedResourceLock] included builds: acquired lock on worker lease
2026-06-05T01:40:07.369+0530 [DEBUG] [org.gradle.internal.resources.AbstractTrackedResourceLock] included builds: released lock on worker lease
2026-06-05T01:40:07.369+0530 [DEBUG] [org.gradle.internal.operations.DefaultBuildOperationRunner] Build operation 'Snapshot inputs and outputs before executing task ':nyora-web-shared:jvmJar'' started
2026-06-05T01:40:07.369+0530 [DEBUG] [org.gradle.internal.resources.AbstractTrackedResourceLock] Execution worker: acquired lock on worker lease
2026-06-05T01:40:07.369+0530 [DEBUG] [org.gradle.internal.resources.AbstractTrackedResourceLock] Execution worker: released lock on worker lease
2026-06-05T01:40:07.369+0530 [DEBUG] [org.gradle.execution.plan.DefaultFinalizedExecutionPlan] Node Resolve mutations for :app:processDebugManifest completed, executed: true
2026-06-05T01:40:07.369+0530 [DEBUG] [org.gradle.execution.plan.DefaultFinalizedExecutionPlan] Node Resolve mutations for :app:processDebugManifest finished executing
2026-06-05T01:40:07.369+0530 [INFO] [org.gradle.execution.plan.DefaultPlanExecutor] :app:processDebugManifest (Thread[#1691,Execution worker Thread 4,5,main]) started.
2026-06-05T01:40:07.369+0530 [DEBUG] [org.gradle.internal.resources.AbstractTrackedResourceLock] Execution worker Thread 2: acquired lock on worker lease
2026-06-05T01:40:07.370+0530 [DEBUG] [org.gradle.internal.resources.AbstractTrackedResourceLock] Execution worker Thread 2: released lock on worker lease
2026-06-05T01:40:07.370+0530 [DEBUG] [org.gradle.internal.operations.DefaultBuildOperationRunner] Completing Build operation 'Snapshot inputs and outputs before executing task ':nyora-web-shared:jvmJar''
2026-06-05T01:40:07.369+0530 [DEBUG] [org.gradle.internal.operations.DefaultBuildOperationRunner] Build operation 'Task :app:processDebugManifest' started
2026-06-05T01:40:07.370+0530 [DEBUG] [org.gradle.internal.resources.AbstractTrackedResourceLock] Execution worker: acquired lock on worker lease
2026-06-05T01:40:07.370+0530 [DEBUG] [org.gradle.internal.operations.DefaultBuildOperationRunner] Completing Build operation 'Snapshot task inputs for :nyora-web-shared:jvmJar'
2026-06-05T01:40:07.370+0530 [DEBUG] [org.gradle.internal.resources.AbstractTrackedResourceLock] Execution worker: released lock on worker lease
2026-06-05T01:40:07.370+0530 [DEBUG] [org.gradle.internal.resources.AbstractTrackedResourceLock] included builds: acquired lock on worker lease
2026-06-05T01:40:07.370+0530 [DEBUG] [org.gradle.internal.resources.AbstractTrackedResourceLock] included builds: released lock on worker lease
2026-06-05T01:40:07.370+0530 [DEBUG] [org.gradle.internal.operations.DefaultBuildOperationRunner] Build operation 'Snapshot task inputs for :app:processDebugManifest' started
2026-06-05T01:40:07.367+0530 [LIFECYCLE] [class org.gradle.internal.buildevents.TaskExecutionLogger] 
2026-06-05T01:40:07.367+0530 [LIFECYCLE] [class org.gradle.internal.buildevents.TaskExecutionLogger] > Task :nyora-web-shared:jvmJar UP-TO-DATE
2026-06-05T01:40:07.367+0530 [DEBUG] [org.gradle.api.internal.tasks.execution.ResolveTaskExecutionModeExecuter] Putting task artifact state for task ':nyora-web-shared:jvmJar' into context took 0.0 secs.
2026-06-05T01:40:07.369+0530 [DEBUG] [org.gradle.internal.execution.steps.AbstractCaptureStateBeforeExecutionStep] Implementation for task ':nyora-web-shared:jvmJar': org.gradle.api.tasks.bundling.Jar_Decorated@24d7551fb10361692103cfc702a8fff3
2026-06-05T01:40:07.369+0530 [DEBUG] [org.gradle.internal.execution.steps.AbstractCaptureStateBeforeExecutionStep] Additional implementations for task ':nyora-web-shared:jvmJar': [org.gradle.api.tasks.bundling.Jar_Decorated@0fe2552bd2b931ed258b6857d8ab9e9f]
2026-06-05T01:40:07.370+0530 [DEBUG] [org.gradle.internal.operations.DefaultBuildOperationRunner] Build operation 'Snapshot inputs and outputs before executing task ':nyora-web-shared:jvmJar'' completed
2026-06-05T01:40:07.370+0530 [INFO] [org.gradle.internal.execution.steps.AbstractResolveCachingStateStep] Caching disabled for task ':nyora-web-shared:jvmJar' because:
  Not worth caching
2026-06-05T01:40:07.370+0530 [DEBUG] [org.gradle.internal.operations.DefaultBuildOperationRunner] Build operation 'Snapshot task inputs for :nyora-web-shared:jvmJar' completed
2026-06-05T01:40:07.370+0530 [DEBUG] [org.gradle.internal.execution.steps.SkipUpToDateStep] Determining if task ':nyora-web-shared:jvmJar' is up-to-date
2026-06-05T01:40:07.370+0530 [INFO] [org.gradle.internal.execution.steps.SkipUpToDateStep] Skipping task ':nyora-web-shared:jvmJar' as it is up-to-date.
2026-06-05T01:40:07.370+0530 [DEBUG] [org.gradle.api.internal.tasks.execution.ResolveTaskExecutionModeExecuter] Removed task artifact state for task ':nyora-web-shared:jvmJar' from context.
2026-06-05T01:40:07.370+0530 [DEBUG] [org.gradle.internal.resources.AbstractTrackedResourceLock] Execution worker Thread 7: acquired lock on worker lease
2026-06-05T01:40:07.371+0530 [DEBUG] [org.gradle.internal.resources.AbstractTrackedResourceLock] Execution worker Thread 7: released lock on worker lease
2026-06-05T01:40:07.371+0530 [DEBUG] [org.gradle.internal.operations.DefaultBuildOperationRunner] Completing Build operation 'Task :nyora-web-shared:jvmJar'
2026-06-05T01:40:07.371+0530 [DEBUG] [org.gradle.internal.operations.DefaultBuildOperationRunner] Build operation 'Task :nyora-web-shared:jvmJar' completed
2026-06-05T01:40:07.371+0530 [DEBUG] [org.gradle.internal.operations.DefaultBuildOperationRunner] Build operation 'Snapshot inputs and outputs before executing task ':app:processDebugManifest'' started
2026-06-05T01:40:07.371+0530 [DEBUG] [org.gradle.internal.resources.AbstractTrackedResourceLock] Execution worker Thread 5: acquired lock on worker lease
2026-06-05T01:40:07.371+0530 [DEBUG] [org.gradle.internal.resources.AbstractTrackedResourceLock] Execution worker Thread 5: released lock on worker lease
2026-06-05T01:40:07.371+0530 [DEBUG] [org.gradle.internal.resources.AbstractTrackedResourceLock] Execution worker Thread 3: acquired lock on worker lease
2026-06-05T01:40:07.371+0530 [DEBUG] [org.gradle.internal.resources.AbstractTrackedResourceLock] Execution worker Thread 3: released lock on worker lease
2026-06-05T01:40:07.371+0530 [DEBUG] [org.gradle.execution.plan.DefaultFinalizedExecutionPlan] Node :nyora-web-shared:jvmJar completed, executed: true
2026-06-05T01:40:07.371+0530 [DEBUG] [org.gradle.execution.plan.DefaultFinalizedExecutionPlan] Node :nyora-web-shared:jvmJar finished executing
2026-06-05T01:40:07.371+0530 [DEBUG] [org.gradle.internal.operations.DefaultBuildOperationRunner] Completing Build operation 'Snapshot inputs and outputs before executing task ':app:processDebugManifest''
2026-06-05T01:40:07.372+0530 [INFO] [org.gradle.execution.plan.DefaultPlanExecutor] work action resolve nyora-web-shared-jvm.jar (project :nyora-web-shared) (Thread[#1693,Execution worker Thread 6,5,main]) started.
2026-06-05T01:40:07.371+0530 [DEBUG] [org.gradle.internal.resources.AbstractTrackedResourceLock] Execution worker Thread 2: acquired lock on worker lease
2026-06-05T01:40:07.372+0530 [DEBUG] [org.gradle.internal.resources.AbstractTrackedResourceLock] Execution worker Thread 2: released lock on worker lease
2026-06-05T01:40:07.372+0530 [DEBUG] [org.gradle.execution.plan.DefaultFinalizedExecutionPlan] Node work action null completed, executed: true
2026-06-05T01:40:07.372+0530 [DEBUG] [org.gradle.internal.operations.DefaultBuildOperationRunner] Completing Build operation 'Snapshot task inputs for :app:processDebugManifest'
2026-06-05T01:40:07.372+0530 [DEBUG] [org.gradle.execution.plan.DefaultFinalizedExecutionPlan] Node work action null finished executing
2026-06-05T01:40:07.372+0530 [INFO] [org.gradle.execution.plan.DefaultPlanExecutor] IdentityTransform (Thread[#1693,Execution worker Thread 6,5,main]) started.
2026-06-05T01:40:07.372+0530 [DEBUG] [org.gradle.internal.resources.AbstractTrackedResourceLock] Execution worker Thread 3: acquired lock on worker lease
2026-06-05T01:40:07.372+0530 [DEBUG] [org.gradle.internal.resources.AbstractTrackedResourceLock] Execution worker Thread 3: released lock on worker lease
2026-06-05T01:40:07.372+0530 [DEBUG] [org.gradle.internal.operations.DefaultBuildOperationRunner] Build operation 'Transform nyora-web-shared-jvm.jar (project :nyora-web-shared) with IdentityTransform' started
2026-06-05T01:40:07.372+0530 [DEBUG] [org.gradle.internal.resources.AbstractTrackedResourceLock] Execution worker Thread 5: acquired lock on worker lease
2026-06-05T01:40:07.373+0530 [DEBUG] [org.gradle.internal.resources.AbstractTrackedResourceLock] Execution worker Thread 5: released lock on worker lease
2026-06-05T01:40:07.373+0530 [DEBUG] [org.gradle.internal.resources.AbstractTrackedResourceLock] Execution worker Thread 7: acquired lock on worker lease
2026-06-05T01:40:07.373+0530 [DEBUG] [org.gradle.internal.resources.AbstractTrackedResourceLock] Execution worker Thread 7: released lock on worker lease
2026-06-05T01:40:07.374+0530 [DEBUG] [org.gradle.internal.resources.AbstractTrackedResourceLock] included builds: acquired lock on worker lease
2026-06-05T01:40:07.374+0530 [DEBUG] [org.gradle.internal.resources.AbstractTrackedResourceLock] included builds: released lock on worker lease
2026-06-05T01:40:07.370+0530 [LIFECYCLE] [class org.gradle.internal.buildevents.TaskExecutionLogger] 
2026-06-05T01:40:07.370+0530 [LIFECYCLE] [class org.gradle.internal.buildevents.TaskExecutionLogger] > Task :app:processDebugManifest UP-TO-DATE
2026-06-05T01:40:07.370+0530 [DEBUG] [org.gradle.api.internal.tasks.execution.ResolveTaskExecutionModeExecuter] Putting task artifact state for task ':app:processDebugManifest' into context took 0.0 secs.
2026-06-05T01:40:07.371+0530 [DEBUG] [org.gradle.internal.execution.steps.AbstractCaptureStateBeforeExecutionStep] Implementation for task ':app:processDebugManifest': com.android.build.gradle.tasks.ProcessMultiApkApplicationManifest_Decorated@f04db97316edebf2f33521b44f96dddf
2026-06-05T01:40:07.371+0530 [DEBUG] [org.gradle.internal.execution.steps.AbstractCaptureStateBeforeExecutionStep] Additional implementations for task ':app:processDebugManifest': [com.android.build.gradle.tasks.ProcessMultiApkApplicationManifest_Decorated@f04db97316edebf2f33521b44f96dddf]
2026-06-05T01:40:07.372+0530 [DEBUG] [org.gradle.internal.operations.DefaultBuildOperationRunner] Build operation 'Snapshot inputs and outputs before executing task ':app:processDebugManifest'' completed
2026-06-05T01:40:07.372+0530 [INFO] [org.gradle.internal.execution.steps.AbstractResolveCachingStateStep] Build cache key for task ':app:processDebugManifest' is 5824d5d82bec3d6f0e3a3b32e2df0259
2026-06-05T01:40:07.372+0530 [DEBUG] [org.gradle.internal.operations.DefaultBuildOperationRunner] Build operation 'Snapshot task inputs for :app:processDebugManifest' completed
2026-06-05T01:40:07.372+0530 [DEBUG] [org.gradle.internal.execution.steps.SkipUpToDateStep] Determining if task ':app:processDebugManifest' is up-to-date
2026-06-05T01:40:07.372+0530 [INFO] [org.gradle.internal.execution.steps.SkipUpToDateStep] Skipping task ':app:processDebugManifest' as it is up-to-date.
2026-06-05T01:40:07.372+0530 [DEBUG] [org.gradle.api.internal.tasks.execution.ResolveTaskExecutionModeExecuter] Removed task artifact state for task ':app:processDebugManifest' from context.
2026-06-05T01:40:07.375+0530 [DEBUG] [org.gradle.internal.operations.DefaultBuildOperationRunner] Completing Build operation 'Task :app:processDebugManifest'
2026-06-05T01:40:07.375+0530 [DEBUG] [org.gradle.internal.operations.DefaultBuildOperationRunner] Build operation 'Task :app:processDebugManifest' completed
2026-06-05T01:40:07.375+0530 [DEBUG] [org.gradle.execution.plan.DefaultFinalizedExecutionPlan] Node :app:processDebugManifest completed, executed: true
2026-06-05T01:40:07.375+0530 [DEBUG] [org.gradle.execution.plan.DefaultFinalizedExecutionPlan] Node :app:processDebugManifest finished executing
2026-06-05T01:40:07.375+0530 [INFO] [org.gradle.execution.plan.DefaultPlanExecutor] Resolve mutations for :app:processDebugManifestForPackage (Thread[#1691,Execution worker Thread 4,5,main]) started.
2026-06-05T01:40:07.375+0530 [DEBUG] [org.gradle.internal.operations.DefaultBuildOperationRunner] Build operation 'Resolve mutations for task :app:processDebugManifestForPackage' started
2026-06-05T01:40:07.375+0530 [DEBUG] [org.gradle.internal.operations.DefaultBuildOperationRunner] Completing Build operation 'Resolve mutations for task :app:processDebugManifestForPackage'
2026-06-05T01:40:07.375+0530 [DEBUG] [org.gradle.internal.operations.DefaultBuildOperationRunner] Build operation 'Resolve mutations for task :app:processDebugManifestForPackage' completed
2026-06-05T01:40:07.374+0530 [DEBUG] [org.gradle.internal.operations.DefaultBuildOperationRunner] Completing Build operation 'Transform nyora-web-shared-jvm.jar (project :nyora-web-shared) with IdentityTransform'
2026-06-05T01:40:07.379+0530 [DEBUG] [org.gradle.internal.operations.DefaultBuildOperationRunner] Build operation 'Transform nyora-web-shared-jvm.jar (project :nyora-web-shared) with IdentityTransform' completed
2026-06-05T01:40:07.375+0530 [DEBUG] [org.gradle.internal.resources.AbstractTrackedResourceLock] Execution worker: acquired lock on worker lease
2026-06-05T01:40:07.379+0530 [DEBUG] [org.gradle.internal.resources.AbstractTrackedResourceLock] Execution worker: released lock on worker lease
2026-06-05T01:40:07.379+0530 [DEBUG] [org.gradle.execution.plan.DefaultFinalizedExecutionPlan] Node IdentityTransform completed, executed: true
2026-06-05T01:40:07.379+0530 [DEBUG] [org.gradle.execution.plan.DefaultFinalizedExecutionPlan] Node IdentityTransform finished executing
2026-06-05T01:40:07.379+0530 [DEBUG] [org.gradle.internal.resources.AbstractTrackedResourceLock] Execution worker Thread 6: released lock on worker lease
2026-06-05T01:40:07.379+0530 [DEBUG] [org.gradle.execution.plan.DefaultFinalizedExecutionPlan] Node Resolve mutations for :app:processDebugManifestForPackage completed, executed: true
2026-06-05T01:40:07.380+0530 [DEBUG] [org.gradle.execution.plan.DefaultFinalizedExecutionPlan] Node Resolve mutations for :app:processDebugManifestForPackage finished executing
2026-06-05T01:40:07.380+0530 [DEBUG] [org.gradle.internal.resources.AbstractTrackedResourceLock] included builds: acquired lock on worker lease
2026-06-05T01:40:07.380+0530 [DEBUG] [org.gradle.internal.resources.AbstractTrackedResourceLock] included builds: released lock on worker lease
2026-06-05T01:40:07.380+0530 [INFO] [org.gradle.execution.plan.DefaultPlanExecutor] :app:processDebugManifestForPackage (Thread[#1691,Execution worker Thread 4,5,main]) started.
2026-06-05T01:40:07.380+0530 [DEBUG] [org.gradle.internal.operations.DefaultBuildOperationRunner] Build operation 'Task :app:processDebugManifestForPackage' started
2026-06-05T01:40:07.380+0530 [DEBUG] [org.gradle.internal.resources.AbstractTrackedResourceLock] Execution worker Thread 7: acquired lock on worker lease
2026-06-05T01:40:07.381+0530 [DEBUG] [org.gradle.internal.resources.AbstractTrackedResourceLock] Execution worker Thread 7: released lock on worker lease
2026-06-05T01:40:07.381+0530 [DEBUG] [org.gradle.internal.resources.AbstractTrackedResourceLock] Execution worker Thread 5: acquired lock on worker lease
2026-06-05T01:40:07.381+0530 [DEBUG] [org.gradle.internal.resources.AbstractTrackedResourceLock] Execution worker Thread 5: released lock on worker lease
2026-06-05T01:40:07.381+0530 [DEBUG] [org.gradle.internal.operations.DefaultBuildOperationRunner] Build operation 'Snapshot task inputs for :app:processDebugManifestForPackage' started
2026-06-05T01:40:07.381+0530 [DEBUG] [org.gradle.internal.operations.DefaultBuildOperationRunner] Build operation 'Snapshot inputs and outputs before executing task ':app:processDebugManifestForPackage'' started
2026-06-05T01:40:07.381+0530 [DEBUG] [org.gradle.internal.resources.AbstractTrackedResourceLock] Execution worker Thread 3: acquired lock on worker lease
2026-06-05T01:40:07.381+0530 [DEBUG] [org.gradle.internal.resources.AbstractTrackedResourceLock] Execution worker Thread 3: released lock on worker lease
2026-06-05T01:40:07.382+0530 [DEBUG] [org.gradle.internal.resources.AbstractTrackedResourceLock] Execution worker Thread 2: acquired lock on worker lease
2026-06-05T01:40:07.382+0530 [DEBUG] [org.gradle.internal.resources.AbstractTrackedResourceLock] Execution worker Thread 2: released lock on worker lease
2026-06-05T01:40:07.382+0530 [DEBUG] [org.gradle.internal.resources.AbstractTrackedResourceLock] Execution worker Thread 6: acquired lock on worker lease
2026-06-05T01:40:07.382+0530 [DEBUG] [org.gradle.internal.resources.AbstractTrackedResourceLock] Execution worker Thread 6: released lock on worker lease
2026-06-05T01:40:07.382+0530 [DEBUG] [org.gradle.internal.resources.AbstractTrackedResourceLock] Execution worker: acquired lock on worker lease
2026-06-05T01:40:07.382+0530 [DEBUG] [org.gradle.internal.resources.AbstractTrackedResourceLock] Execution worker: released lock on worker lease
2026-06-05T01:40:07.382+0530 [DEBUG] [org.gradle.internal.operations.DefaultBuildOperationRunner] Completing Build operation 'Snapshot inputs and outputs before executing task ':app:processDebugManifestForPackage''
2026-06-05T01:40:07.383+0530 [DEBUG] [org.gradle.internal.operations.DefaultBuildOperationRunner] Completing Build operation 'Snapshot task inputs for :app:processDebugManifestForPackage'
2026-06-05T01:40:07.381+0530 [LIFECYCLE] [class org.gradle.internal.buildevents.TaskExecutionLogger] 
2026-06-05T01:40:07.381+0530 [LIFECYCLE] [class org.gradle.internal.buildevents.TaskExecutionLogger] > Task :app:processDebugManifestForPackage UP-TO-DATE
2026-06-05T01:40:07.381+0530 [DEBUG] [org.gradle.api.internal.tasks.execution.ResolveTaskExecutionModeExecuter] Putting task artifact state for task ':app:processDebugManifestForPackage' into context took 0.0 secs.
2026-06-05T01:40:07.381+0530 [DEBUG] [org.gradle.internal.execution.steps.AbstractCaptureStateBeforeExecutionStep] Implementation for task ':app:processDebugManifestForPackage': com.android.build.gradle.tasks.ProcessPackagedManifestTask_Decorated@f04db97316edebf2f33521b44f96dddf
2026-06-05T01:40:07.382+0530 [DEBUG] [org.gradle.internal.execution.steps.AbstractCaptureStateBeforeExecutionStep] Additional implementations for task ':app:processDebugManifestForPackage': [com.android.build.gradle.tasks.ProcessPackagedManifestTask_Decorated@f04db97316edebf2f33521b44f96dddf, com.android.build.api.artifact.impl.InAndOutDirectoryOperationRequestImpl$Companion$initializeInput$1$1@f04db97316edebf2f33521b44f96dddf]
2026-06-05T01:40:07.382+0530 [DEBUG] [org.gradle.internal.operations.DefaultBuildOperationRunner] Build operation 'Snapshot inputs and outputs before executing task ':app:processDebugManifestForPackage'' completed
2026-06-05T01:40:07.383+0530 [INFO] [org.gradle.internal.execution.steps.AbstractResolveCachingStateStep] Build cache key for task ':app:processDebugManifestForPackage' is dfa42ba7c9331f16bfb209ca063ab33b
2026-06-05T01:40:07.384+0530 [DEBUG] [org.gradle.internal.operations.DefaultBuildOperationRunner] Build operation 'Snapshot task inputs for :app:processDebugManifestForPackage' completed
2026-06-05T01:40:07.384+0530 [DEBUG] [org.gradle.internal.execution.steps.SkipUpToDateStep] Determining if task ':app:processDebugManifestForPackage' is up-to-date
2026-06-05T01:40:07.384+0530 [INFO] [org.gradle.internal.execution.steps.SkipUpToDateStep] Skipping task ':app:processDebugManifestForPackage' as it is up-to-date.
2026-06-05T01:40:07.384+0530 [DEBUG] [org.gradle.api.internal.tasks.execution.ResolveTaskExecutionModeExecuter] Removed task artifact state for task ':app:processDebugManifestForPackage' from context.
2026-06-05T01:40:07.385+0530 [DEBUG] [org.gradle.internal.operations.DefaultBuildOperationRunner] Completing Build operation 'Task :app:processDebugManifestForPackage'
2026-06-05T01:40:07.385+0530 [DEBUG] [org.gradle.internal.operations.DefaultBuildOperationRunner] Build operation 'Task :app:processDebugManifestForPackage' completed
2026-06-05T01:40:07.385+0530 [DEBUG] [org.gradle.execution.plan.DefaultFinalizedExecutionPlan] Node :app:processDebugManifestForPackage completed, executed: true
2026-06-05T01:40:07.385+0530 [DEBUG] [org.gradle.execution.plan.DefaultFinalizedExecutionPlan] Node :app:processDebugManifestForPackage finished executing
2026-06-05T01:40:07.385+0530 [INFO] [org.gradle.execution.plan.DefaultPlanExecutor] Resolve mutations for :app:processDebugResources (Thread[#1691,Execution worker Thread 4,5,main]) started.
2026-06-05T01:40:07.385+0530 [DEBUG] [org.gradle.internal.operations.DefaultBuildOperationRunner] Build operation 'Resolve mutations for task :app:processDebugResources' started
2026-06-05T01:40:07.390+0530 [DEBUG] [org.gradle.internal.resources.AbstractTrackedResourceLock] included builds: acquired lock on worker lease
2026-06-05T01:40:07.390+0530 [DEBUG] [org.gradle.internal.resources.AbstractTrackedResourceLock] included builds: released lock on worker lease
2026-06-05T01:40:07.390+0530 [DEBUG] [org.gradle.internal.operations.DefaultBuildOperationRunner] Completing Build operation 'Resolve mutations for task :app:processDebugResources'
2026-06-05T01:40:07.390+0530 [DEBUG] [org.gradle.internal.operations.DefaultBuildOperationRunner] Build operation 'Resolve mutations for task :app:processDebugResources' completed
2026-06-05T01:40:07.390+0530 [DEBUG] [org.gradle.internal.resources.AbstractTrackedResourceLock] Execution worker: acquired lock on worker lease
2026-06-05T01:40:07.391+0530 [DEBUG] [org.gradle.internal.resources.AbstractTrackedResourceLock] Execution worker: released lock on worker lease
2026-06-05T01:40:07.391+0530 [DEBUG] [org.gradle.internal.resources.AbstractTrackedResourceLock] Execution worker Thread 6: acquired lock on worker lease
2026-06-05T01:40:07.391+0530 [DEBUG] [org.gradle.internal.resources.AbstractTrackedResourceLock] Execution worker Thread 6: released lock on worker lease
2026-06-05T01:40:07.391+0530 [DEBUG] [org.gradle.internal.resources.AbstractTrackedResourceLock] Execution worker Thread 2: acquired lock on worker lease
2026-06-05T01:40:07.391+0530 [DEBUG] [org.gradle.internal.resources.AbstractTrackedResourceLock] Execution worker Thread 2: released lock on worker lease
2026-06-05T01:40:07.391+0530 [DEBUG] [org.gradle.internal.resources.AbstractTrackedResourceLock] Execution worker Thread 3: acquired lock on worker lease
2026-06-05T01:40:07.391+0530 [DEBUG] [org.gradle.internal.resources.AbstractTrackedResourceLock] Execution worker Thread 3: released lock on worker lease
2026-06-05T01:40:07.392+0530 [DEBUG] [org.gradle.internal.resources.AbstractTrackedResourceLock] Execution worker Thread 5: acquired lock on worker lease
2026-06-05T01:40:07.392+0530 [DEBUG] [org.gradle.internal.resources.AbstractTrackedResourceLock] Execution worker Thread 5: released lock on worker lease
2026-06-05T01:40:07.392+0530 [DEBUG] [org.gradle.internal.resources.AbstractTrackedResourceLock] Execution worker Thread 7: acquired lock on worker lease
2026-06-05T01:40:07.392+0530 [DEBUG] [org.gradle.internal.resources.AbstractTrackedResourceLock] Execution worker Thread 7: released lock on worker lease
2026-06-05T01:40:07.392+0530 [DEBUG] [org.gradle.execution.plan.DefaultFinalizedExecutionPlan] Node Resolve mutations for :app:processDebugResources completed, executed: true
2026-06-05T01:40:07.393+0530 [DEBUG] [org.gradle.execution.plan.DefaultFinalizedExecutionPlan] Node Resolve mutations for :app:processDebugResources finished executing
2026-06-05T01:40:07.393+0530 [DEBUG] [org.gradle.internal.resources.AbstractTrackedResourceLock] Execution worker Thread 4: acquired lock on lease for com.android.build.gradle.internal.services.Aapt2DaemonBuildService_ebe4437d-60db-49c9-ad8d-46d94064ae56
2026-06-05T01:40:07.393+0530 [INFO] [org.gradle.execution.plan.DefaultPlanExecutor] :app:processDebugResources (Thread[#1691,Execution worker Thread 4,5,main]) started.
2026-06-05T01:40:07.393+0530 [DEBUG] [org.gradle.internal.resources.AbstractTrackedResourceLock] included builds: acquired lock on worker lease
2026-06-05T01:40:07.393+0530 [DEBUG] [org.gradle.internal.operations.DefaultBuildOperationRunner] Build operation 'Task :app:processDebugResources' started
2026-06-05T01:40:07.393+0530 [DEBUG] [org.gradle.internal.resources.AbstractTrackedResourceLock] included builds: released lock on worker lease
2026-06-05T01:40:07.393+0530 [DEBUG] [org.gradle.internal.resources.AbstractTrackedResourceLock] Execution worker Thread 7: acquired lock on worker lease
2026-06-05T01:40:07.393+0530 [DEBUG] [org.gradle.internal.resources.AbstractTrackedResourceLock] Execution worker Thread 7: released lock on worker lease
2026-06-05T01:40:07.393+0530 [DEBUG] [org.gradle.internal.resources.AbstractTrackedResourceLock] Execution worker Thread 5: acquired lock on worker lease
2026-06-05T01:40:07.394+0530 [DEBUG] [org.gradle.internal.resources.AbstractTrackedResourceLock] Execution worker Thread 5: released lock on worker lease
2026-06-05T01:40:07.394+0530 [DEBUG] [org.gradle.internal.resources.AbstractTrackedResourceLock] Execution worker Thread 3: acquired lock on worker lease
2026-06-05T01:40:07.394+0530 [DEBUG] [org.gradle.internal.resources.AbstractTrackedResourceLock] Execution worker Thread 3: released lock on worker lease
2026-06-05T01:40:07.394+0530 [DEBUG] [org.gradle.internal.resources.AbstractTrackedResourceLock] Execution worker Thread 2: acquired lock on worker lease
2026-06-05T01:40:07.394+0530 [DEBUG] [org.gradle.internal.resources.AbstractTrackedResourceLock] Execution worker Thread 2: released lock on worker lease
2026-06-05T01:40:07.394+0530 [DEBUG] [org.gradle.internal.operations.DefaultBuildOperationRunner] Build operation 'Snapshot task inputs for :app:processDebugResources' started
2026-06-05T01:40:07.394+0530 [DEBUG] [org.gradle.internal.resources.AbstractTrackedResourceLock] Execution worker Thread 6: acquired lock on worker lease
2026-06-05T01:40:07.394+0530 [DEBUG] [org.gradle.internal.resources.AbstractTrackedResourceLock] Execution worker Thread 6: released lock on worker lease
2026-06-05T01:40:07.394+0530 [DEBUG] [org.gradle.internal.operations.DefaultBuildOperationRunner] Build operation 'Snapshot inputs and outputs before executing task ':app:processDebugResources'' started
2026-06-05T01:40:07.394+0530 [DEBUG] [org.gradle.internal.resources.AbstractTrackedResourceLock] Execution worker: acquired lock on worker lease
2026-06-05T01:40:07.394+0530 [DEBUG] [org.gradle.internal.resources.AbstractTrackedResourceLock] Execution worker: released lock on worker lease
2026-06-05T01:40:07.409+0530 [DEBUG] [org.gradle.internal.operations.DefaultBuildOperationRunner] Build operation 'Fingerprint transform inputs' started
2026-06-05T01:40:07.409+0530 [DEBUG] [org.gradle.internal.operations.DefaultBuildOperationRunner] Completing Build operation 'Fingerprint transform inputs'
2026-06-05T01:40:07.410+0530 [DEBUG] [org.gradle.internal.operations.DefaultBuildOperationRunner] Build operation 'Fingerprint transform inputs' started
2026-06-05T01:40:07.410+0530 [DEBUG] [org.gradle.internal.operations.DefaultBuildOperationRunner] Completing Build operation 'Fingerprint transform inputs'
2026-06-05T01:40:07.417+0530 [DEBUG] [org.gradle.internal.operations.DefaultBuildOperationRunner] Completing Build operation 'Snapshot inputs and outputs before executing task ':app:processDebugResources''
2026-06-05T01:40:07.422+0530 [DEBUG] [org.gradle.internal.operations.DefaultBuildOperationRunner] Completing Build operation 'Snapshot task inputs for :app:processDebugResources'
2026-06-05T01:40:07.393+0530 [LIFECYCLE] [class org.gradle.internal.buildevents.TaskExecutionLogger] 
2026-06-05T01:40:07.393+0530 [LIFECYCLE] [class org.gradle.internal.buildevents.TaskExecutionLogger] > Task :app:processDebugResources UP-TO-DATE
2026-06-05T01:40:07.394+0530 [DEBUG] [org.gradle.api.internal.tasks.execution.ResolveTaskExecutionModeExecuter] Putting task artifact state for task ':app:processDebugResources' into context took 0.0 secs.
2026-06-05T01:40:07.394+0530 [DEBUG] [org.gradle.internal.execution.steps.AbstractCaptureStateBeforeExecutionStep] Implementation for task ':app:processDebugResources': com.android.build.gradle.internal.res.LinkApplicationAndroidResourcesTask_Decorated@f04db97316edebf2f33521b44f96dddf
2026-06-05T01:40:07.394+0530 [DEBUG] [org.gradle.internal.execution.steps.AbstractCaptureStateBeforeExecutionStep] Additional implementations for task ':app:processDebugResources': [com.android.build.gradle.internal.res.LinkApplicationAndroidResourcesTask_Decorated@f04db97316edebf2f33521b44f96dddf]
2026-06-05T01:40:07.409+0530 [DEBUG] [org.gradle.internal.operations.DefaultBuildOperationRunner] Build operation 'Fingerprint transform inputs' completed
2026-06-05T01:40:07.410+0530 [DEBUG] [org.gradle.internal.operations.DefaultBuildOperationRunner] Build operation 'Fingerprint transform inputs' completed
2026-06-05T01:40:07.417+0530 [DEBUG] [org.gradle.internal.operations.DefaultBuildOperationRunner] Build operation 'Snapshot inputs and outputs before executing task ':app:processDebugResources'' completed
2026-06-05T01:40:07.418+0530 [INFO] [org.gradle.internal.execution.steps.AbstractResolveCachingStateStep] Build cache key for task ':app:processDebugResources' is f8f796936b11f5a00bb746e0827bce7f
2026-06-05T01:40:07.422+0530 [DEBUG] [org.gradle.internal.operations.DefaultBuildOperationRunner] Build operation 'Snapshot task inputs for :app:processDebugResources' completed
2026-06-05T01:40:07.423+0530 [DEBUG] [org.gradle.internal.execution.steps.SkipUpToDateStep] Determining if task ':app:processDebugResources' is up-to-date
2026-06-05T01:40:07.423+0530 [INFO] [org.gradle.internal.execution.steps.SkipUpToDateStep] Skipping task ':app:processDebugResources' as it is up-to-date.
2026-06-05T01:40:07.423+0530 [DEBUG] [org.gradle.api.internal.tasks.execution.ResolveTaskExecutionModeExecuter] Removed task artifact state for task ':app:processDebugResources' from context.
2026-06-05T01:40:07.424+0530 [DEBUG] [org.gradle.internal.operations.DefaultBuildOperationRunner] Completing Build operation 'Task :app:processDebugResources'
2026-06-05T01:40:07.424+0530 [DEBUG] [org.gradle.internal.operations.DefaultBuildOperationRunner] Build operation 'Task :app:processDebugResources' completed
2026-06-05T01:40:07.424+0530 [DEBUG] [org.gradle.execution.plan.DefaultFinalizedExecutionPlan] Node :app:processDebugResources completed, executed: true
2026-06-05T01:40:07.424+0530 [DEBUG] [org.gradle.execution.plan.DefaultFinalizedExecutionPlan] Node :app:processDebugResources finished executing
2026-06-05T01:40:07.424+0530 [DEBUG] [org.gradle.internal.resources.AbstractTrackedResourceLock] Execution worker Thread 4: released lock on lease for com.android.build.gradle.internal.services.Aapt2DaemonBuildService_ebe4437d-60db-49c9-ad8d-46d94064ae56
2026-06-05T01:40:07.424+0530 [DEBUG] [org.gradle.internal.resources.AbstractTrackedResourceLock] included builds: acquired lock on worker lease
2026-06-05T01:40:07.424+0530 [INFO] [org.gradle.execution.plan.DefaultPlanExecutor] Resolve mutations for :app:kspDebugKotlin (Thread[#1691,Execution worker Thread 4,5,main]) started.
2026-06-05T01:40:07.424+0530 [DEBUG] [org.gradle.internal.resources.AbstractTrackedResourceLock] included builds: released lock on worker lease
2026-06-05T01:40:07.425+0530 [DEBUG] [org.gradle.internal.operations.DefaultBuildOperationRunner] Build operation 'Resolve mutations for task :app:kspDebugKotlin' started
2026-06-05T01:40:07.425+0530 [DEBUG] [org.gradle.internal.resources.AbstractTrackedResourceLock] Execution worker: acquired lock on worker lease
2026-06-05T01:40:07.425+0530 [DEBUG] [org.gradle.internal.resources.AbstractTrackedResourceLock] Execution worker: released lock on worker lease
2026-06-05T01:40:07.425+0530 [DEBUG] [org.gradle.internal.resources.AbstractTrackedResourceLock] Execution worker Thread 6: acquired lock on worker lease
2026-06-05T01:40:07.425+0530 [DEBUG] [org.gradle.internal.resources.AbstractTrackedResourceLock] Execution worker Thread 6: released lock on worker lease
2026-06-05T01:40:07.425+0530 [DEBUG] [org.gradle.internal.resources.AbstractTrackedResourceLock] Execution worker Thread 2: acquired lock on worker lease
2026-06-05T01:40:07.425+0530 [DEBUG] [org.gradle.internal.resources.AbstractTrackedResourceLock] Execution worker Thread 2: released lock on worker lease
2026-06-05T01:40:07.425+0530 [DEBUG] [org.gradle.internal.operations.DefaultBuildOperationRunner] Completing Build operation 'Resolve mutations for task :app:kspDebugKotlin'
2026-06-05T01:40:07.425+0530 [DEBUG] [org.gradle.internal.operations.DefaultBuildOperationRunner] Build operation 'Resolve mutations for task :app:kspDebugKotlin' completed
2026-06-05T01:40:07.425+0530 [DEBUG] [org.gradle.internal.resources.AbstractTrackedResourceLock] Execution worker Thread 3: acquired lock on worker lease
2026-06-05T01:40:07.425+0530 [DEBUG] [org.gradle.internal.resources.AbstractTrackedResourceLock] Execution worker Thread 3: released lock on worker lease
2026-06-05T01:40:07.426+0530 [DEBUG] [org.gradle.internal.resources.AbstractTrackedResourceLock] Execution worker Thread 5: acquired lock on worker lease
2026-06-05T01:40:07.426+0530 [DEBUG] [org.gradle.internal.resources.AbstractTrackedResourceLock] Execution worker Thread 5: released lock on worker lease
2026-06-05T01:40:07.426+0530 [DEBUG] [org.gradle.internal.resources.AbstractTrackedResourceLock] Execution worker Thread 7: acquired lock on worker lease
2026-06-05T01:40:07.426+0530 [DEBUG] [org.gradle.internal.resources.AbstractTrackedResourceLock] Execution worker Thread 7: released lock on worker lease
2026-06-05T01:40:07.426+0530 [DEBUG] [org.gradle.execution.plan.DefaultFinalizedExecutionPlan] Node Resolve mutations for :app:kspDebugKotlin completed, executed: true
2026-06-05T01:40:07.426+0530 [DEBUG] [org.gradle.execution.plan.DefaultFinalizedExecutionPlan] Node Resolve mutations for :app:kspDebugKotlin finished executing
2026-06-05T01:40:07.426+0530 [INFO] [org.gradle.execution.plan.DefaultPlanExecutor] :app:kspDebugKotlin (Thread[#1691,Execution worker Thread 4,5,main]) started.
2026-06-05T01:40:07.427+0530 [DEBUG] [org.gradle.internal.operations.DefaultBuildOperationRunner] Build operation 'Task :app:kspDebugKotlin' started
2026-06-05T01:40:07.426+0530 [DEBUG] [org.gradle.internal.resources.AbstractTrackedResourceLock] included builds: acquired lock on worker lease
2026-06-05T01:40:07.427+0530 [DEBUG] [org.gradle.internal.resources.AbstractTrackedResourceLock] included builds: released lock on worker lease
2026-06-05T01:40:07.427+0530 [DEBUG] [org.gradle.internal.resources.AbstractTrackedResourceLock] Execution worker Thread 7: acquired lock on worker lease
2026-06-05T01:40:07.427+0530 [DEBUG] [org.gradle.internal.resources.AbstractTrackedResourceLock] Execution worker Thread 7: released lock on worker lease
2026-06-05T01:40:07.427+0530 [DEBUG] [org.gradle.internal.resources.AbstractTrackedResourceLock] Execution worker Thread 5: acquired lock on worker lease
2026-06-05T01:40:07.427+0530 [DEBUG] [org.gradle.internal.resources.AbstractTrackedResourceLock] Execution worker Thread 5: released lock on worker lease
2026-06-05T01:40:07.427+0530 [DEBUG] [org.gradle.internal.resources.AbstractTrackedResourceLock] Execution worker Thread 3: acquired lock on worker lease
2026-06-05T01:40:07.427+0530 [DEBUG] [org.gradle.internal.resources.AbstractTrackedResourceLock] Execution worker Thread 3: released lock on worker lease
2026-06-05T01:40:07.428+0530 [DEBUG] [org.gradle.internal.resources.AbstractTrackedResourceLock] Execution worker Thread 2: acquired lock on worker lease
2026-06-05T01:40:07.428+0530 [DEBUG] [org.gradle.internal.resources.AbstractTrackedResourceLock] Execution worker Thread 2: released lock on worker lease
2026-06-05T01:40:07.428+0530 [DEBUG] [org.gradle.internal.operations.DefaultBuildOperationRunner] Build operation 'Snapshot task inputs for :app:kspDebugKotlin' started
2026-06-05T01:40:07.428+0530 [DEBUG] [org.gradle.internal.resources.AbstractTrackedResourceLock] Execution worker Thread 6: acquired lock on worker lease
2026-06-05T01:40:07.428+0530 [DEBUG] [org.gradle.internal.resources.AbstractTrackedResourceLock] Execution worker Thread 6: released lock on worker lease
2026-06-05T01:40:07.428+0530 [DEBUG] [org.gradle.internal.resources.AbstractTrackedResourceLock] Execution worker: acquired lock on worker lease
2026-06-05T01:40:07.428+0530 [DEBUG] [org.gradle.internal.resources.AbstractTrackedResourceLock] Execution worker: released lock on worker lease
2026-06-05T01:40:07.435+0530 [DEBUG] [org.gradle.internal.operations.DefaultBuildOperationRunner] Build operation 'Snapshot inputs and outputs before executing task ':app:kspDebugKotlin'' started
2026-06-05T01:40:07.436+0530 [DEBUG] [org.gradle.internal.operations.DefaultBuildOperationRunner] Build operation 'Fingerprint transform inputs' started
2026-06-05T01:40:07.436+0530 [DEBUG] [org.gradle.internal.operations.DefaultBuildOperationRunner] Completing Build operation 'Fingerprint transform inputs'
2026-06-05T01:40:07.444+0530 [DEBUG] [org.gradle.internal.operations.DefaultBuildOperationRunner] Completing Build operation 'Snapshot inputs and outputs before executing task ':app:kspDebugKotlin''
2026-06-05T01:40:07.446+0530 [DEBUG] [org.gradle.internal.operations.DefaultBuildOperationRunner] Completing Build operation 'Snapshot task inputs for :app:kspDebugKotlin'
2026-06-05T01:40:07.447+0530 [DEBUG] [org.gradle.internal.operations.DefaultBuildOperationRunner] Build operation 'Load entry 1e294a94b33f8acef4aa397883fce513 from local build cache' started
2026-06-05T01:40:07.448+0530 [DEBUG] [org.gradle.internal.operations.DefaultBuildOperationRunner] Completing Build operation 'Load entry 1e294a94b33f8acef4aa397883fce513 from local build cache'
2026-06-05T01:40:07.452+0530 [DEBUG] [org.gradle.internal.operations.DefaultBuildOperationRunner] Build operation 'Executing task ':app:kspDebugKotlin'' started
2026-06-05T01:40:07.453+0530 [DEBUG] [org.gradle.internal.operations.DefaultBuildOperationRunner] Build operation 'Execute execute for :app:kspDebugKotlin' started
2026-06-05T01:40:07.525+0530 [DEBUG] [org.gradle.internal.resources.AbstractTrackedResourceLock] included builds: acquired lock on worker lease
2026-06-05T01:40:07.525+0530 [DEBUG] [org.gradle.internal.resources.AbstractTrackedResourceLock] included builds: released lock on worker lease
2026-06-05T01:40:07.525+0530 [DEBUG] [org.gradle.internal.resources.AbstractTrackedResourceLock] Execution worker: acquired lock on worker lease
2026-06-05T01:40:07.525+0530 [DEBUG] [org.gradle.internal.resources.AbstractTrackedResourceLock] Execution worker: released lock on worker lease
2026-06-05T01:40:07.525+0530 [DEBUG] [org.gradle.internal.resources.AbstractTrackedResourceLock] Execution worker Thread 6: acquired lock on worker lease
2026-06-05T01:40:07.525+0530 [DEBUG] [org.gradle.internal.resources.AbstractTrackedResourceLock] Execution worker Thread 6: released lock on worker lease
2026-06-05T01:40:07.525+0530 [DEBUG] [org.gradle.internal.resources.AbstractTrackedResourceLock] Execution worker Thread 2: acquired lock on worker lease
2026-06-05T01:40:07.525+0530 [DEBUG] [org.gradle.internal.resources.AbstractTrackedResourceLock] Execution worker Thread 2: released lock on worker lease
2026-06-05T01:40:07.525+0530 [DEBUG] [org.gradle.internal.resources.AbstractTrackedResourceLock] Execution worker Thread 3: acquired lock on worker lease
2026-06-05T01:40:07.525+0530 [DEBUG] [org.gradle.internal.resources.AbstractTrackedResourceLock] Execution worker Thread 3: released lock on worker lease
2026-06-05T01:40:07.525+0530 [DEBUG] [org.gradle.internal.resources.AbstractTrackedResourceLock] Execution worker Thread 5: acquired lock on worker lease
2026-06-05T01:40:07.525+0530 [DEBUG] [org.gradle.internal.resources.AbstractTrackedResourceLock] Execution worker Thread 5: released lock on worker lease
2026-06-05T01:40:07.525+0530 [DEBUG] [org.gradle.internal.resources.AbstractTrackedResourceLock] Execution worker Thread 7: acquired lock on worker lease
2026-06-05T01:40:07.525+0530 [DEBUG] [org.gradle.internal.resources.AbstractTrackedResourceLock] Execution worker Thread 7: released lock on worker lease
2026-06-05T01:40:07.526+0530 [DEBUG] [org.gradle.internal.resources.AbstractTrackedResourceLock] WorkerExecutor Queue: acquired lock on worker lease
2026-06-05T01:40:07.526+0530 [DEBUG] [org.gradle.internal.operations.DefaultBuildOperationRunner] Build operation 'com.google.devtools.ksp.gradle.KspAAWorkerAction' started
2026-06-05T01:40:07.538+0530 [DEBUG] [org.gradle.internal.watch.vfs.impl.WatchingVirtualFileSystem] Handling VFS change REMOVED /Users/hasanraza/Desktop/kotatsu/Nyora/nyora-android/app/build/generated/ksp/debug
2026-06-05T01:40:07.427+0530 [LIFECYCLE] [class org.gradle.internal.buildevents.TaskExecutionLogger] 
2026-06-05T01:40:07.427+0530 [LIFECYCLE] [class org.gradle.internal.buildevents.TaskExecutionLogger] > Task :app:kspDebugKotlin
2026-06-05T01:40:07.427+0530 [DEBUG] [org.gradle.api.internal.tasks.execution.ResolveTaskExecutionModeExecuter] Putting task artifact state for task ':app:kspDebugKotlin' into context took 0.0 secs.
2026-06-05T01:40:07.436+0530 [DEBUG] [org.gradle.internal.execution.steps.AbstractCaptureStateBeforeExecutionStep] Implementation for task ':app:kspDebugKotlin': com.google.devtools.ksp.gradle.KspAATask_Decorated@f04db97316edebf2f33521b44f96dddf
2026-06-05T01:40:07.436+0530 [DEBUG] [org.gradle.internal.execution.steps.AbstractCaptureStateBeforeExecutionStep] Additional implementations for task ':app:kspDebugKotlin': [com.google.devtools.ksp.gradle.KspAATask_Decorated@f04db97316edebf2f33521b44f96dddf]
2026-06-05T01:40:07.437+0530 [DEBUG] [org.gradle.internal.operations.DefaultBuildOperationRunner] Build operation 'Fingerprint transform inputs' completed
2026-06-05T01:40:07.444+0530 [DEBUG] [org.gradle.internal.operations.DefaultBuildOperationRunner] Build operation 'Snapshot inputs and outputs before executing task ':app:kspDebugKotlin'' completed
2026-06-05T01:40:07.446+0530 [INFO] [org.gradle.internal.execution.steps.AbstractResolveCachingStateStep] Build cache key for task ':app:kspDebugKotlin' is 1e294a94b33f8acef4aa397883fce513
2026-06-05T01:40:07.446+0530 [DEBUG] [org.gradle.internal.operations.DefaultBuildOperationRunner] Build operation 'Snapshot task inputs for :app:kspDebugKotlin' completed
2026-06-05T01:40:07.446+0530 [DEBUG] [org.gradle.internal.execution.steps.SkipUpToDateStep] Determining if task ':app:kspDebugKotlin' is up-to-date
2026-06-05T01:40:07.446+0530 [INFO] [org.gradle.internal.execution.steps.SkipUpToDateStep] Task ':app:kspDebugKotlin' is not up-to-date because:
  Task has failed previously.
2026-06-05T01:40:07.447+0530 [DEBUG] [org.gradle.internal.vfs.impl.AbstractVirtualFileSystem] Invalidating VFS paths: [/Users/hasanraza/Desktop/kotatsu/Nyora/nyora-android/app/build/intermediates/room/schemas/kspDebugKotlin, /Users/hasanraza/Desktop/kotatsu/Nyora/nyora-android/app/build/generated/ksp/debug/classes, /Users/hasanraza/Desktop/kotatsu/Nyora/nyora-android/app/build/generated/ksp/debug/java, /Users/hasanraza/Desktop/kotatsu/Nyora/nyora-android/app/build/generated/ksp/debug/kotlin, /Users/hasanraza/Desktop/kotatsu/Nyora/nyora-android/app/build/generated/ksp/debug/resources]
2026-06-05T01:40:07.447+0530 [DEBUG] [org.gradle.cache.internal.LockOnDemandCrossProcessCacheAccess] Acquiring file lock for Build cache (/Users/hasanraza/.gradle/caches/build-cache-1)
2026-06-05T01:40:07.447+0530 [DEBUG] [org.gradle.cache.internal.DefaultFileLockManager] Waiting to acquire exclusive lock on Build cache (/Users/hasanraza/.gradle/caches/build-cache-1).
2026-06-05T01:40:07.448+0530 [DEBUG] [org.gradle.cache.internal.DefaultFileLockManager] Lock acquired on Build cache (/Users/hasanraza/.gradle/caches/build-cache-1).
2026-06-05T01:40:07.448+0530 [DEBUG] [org.gradle.internal.operations.DefaultBuildOperationRunner] Build operation 'Load entry 1e294a94b33f8acef4aa397883fce513 from local build cache' completed
2026-06-05T01:40:07.448+0530 [DEBUG] [org.gradle.internal.execution.steps.BuildCacheStep] Did not find cache entry for task ':app:kspDebugKotlin' with cache key 1e294a94b33f8acef4aa397883fce513, executing instead
2026-06-05T01:40:07.448+0530 [INFO] [org.gradle.internal.execution.steps.ResolveInputChangesStep] The input changes require a full rebuild for incremental task ':app:kspDebugKotlin'.
2026-06-05T01:40:07.448+0530 [DEBUG] [org.gradle.internal.vfs.impl.AbstractVirtualFileSystem] Invalidating VFS paths: [/Users/hasanraza/Desktop/kotatsu/Nyora/nyora-android/app/build/intermediates/room/schemas/kspDebugKotlin, /Users/hasanraza/Desktop/kotatsu/Nyora/nyora-android/app/build/generated/ksp/debug/classes, /Users/hasanraza/Desktop/kotatsu/Nyora/nyora-android/app/build/generated/ksp/debug/java, /Users/hasanraza/Desktop/kotatsu/Nyora/nyora-android/app/build/generated/ksp/debug/kotlin, /Users/hasanraza/Desktop/kotatsu/Nyora/nyora-android/app/build/generated/ksp/debug/resources, /Users/hasanraza/Desktop/kotatsu/Nyora/nyora-android/app/build/kspCaches/debug]
2026-06-05T01:40:07.449+0530 [DEBUG] [org.gradle.internal.file.impl.DefaultDeleter] Deleting /Users/hasanraza/Desktop/kotatsu/Nyora/nyora-android/app/build/intermediates/room/schemas/kspDebugKotlin
2026-06-05T01:40:07.449+0530 [DEBUG] [org.gradle.internal.file.impl.DefaultDeleter] Deleting /Users/hasanraza/Desktop/kotatsu/Nyora/nyora-android/app/build/generated/ksp/debug/java
2026-06-05T01:40:07.452+0530 [DEBUG] [org.gradle.internal.execution.steps.PreCreateOutputParentsStep] Ensuring directory exists for property commandLineArgumentProviders.$1.schemaOutputDir at /Users/hasanraza/Desktop/kotatsu/Nyora/nyora-android/app/build/intermediates/room/schemas/kspDebugKotlin
2026-06-05T01:40:07.452+0530 [DEBUG] [org.gradle.internal.execution.steps.PreCreateOutputParentsStep] Ensuring directory exists for property kspConfig.classOutputDir at /Users/hasanraza/Desktop/kotatsu/Nyora/nyora-android/app/build/generated/ksp/debug/classes
2026-06-05T01:40:07.452+0530 [DEBUG] [org.gradle.internal.execution.steps.PreCreateOutputParentsStep] Ensuring directory exists for property kspConfig.javaOutputDir at /Users/hasanraza/Desktop/kotatsu/Nyora/nyora-android/app/build/generated/ksp/debug/java
2026-06-05T01:40:07.452+0530 [DEBUG] [org.gradle.internal.execution.steps.PreCreateOutputParentsStep] Ensuring directory exists for property kspConfig.kotlinOutputDir at /Users/hasanraza/Desktop/kotatsu/Nyora/nyora-android/app/build/generated/ksp/debug/kotlin
2026-06-05T01:40:07.452+0530 [DEBUG] [org.gradle.internal.execution.steps.PreCreateOutputParentsStep] Ensuring directory exists for property kspConfig.resourceOutputDir at /Users/hasanraza/Desktop/kotatsu/Nyora/nyora-android/app/build/generated/ksp/debug/resources
2026-06-05T01:40:07.452+0530 [DEBUG] [org.gradle.internal.execution.steps.PreCreateOutputParentsStep] Ensuring parent directory exists for property local state at /Users/hasanraza/Desktop/kotatsu/Nyora/nyora-android/app/build/kspCaches/debug
2026-06-05T01:40:07.452+0530 [DEBUG] [org.gradle.api.internal.tasks.execution.TaskExecution] Executing actions for task ':app:kspDebugKotlin'.
2026-06-05T01:40:07.455+0530 [INFO] [org.gradle.api.internal.file.collections.DirectoryFileTree] file or directory '/Users/hasanraza/Desktop/kotatsu/Nyora/nyora-android/app/src/debug/java', not found
2026-06-05T01:40:07.474+0530 [INFO] [org.gradle.api.internal.file.collections.DirectoryFileTree] file or directory '/Users/hasanraza/Desktop/kotatsu/Nyora/nyora-android/app/src/main/java', not found
2026-06-05T01:40:07.474+0530 [INFO] [org.gradle.api.internal.file.collections.DirectoryFileTree] file or directory '/Users/hasanraza/Desktop/kotatsu/Nyora/nyora-android/app/src/main/java', not found
2026-06-05T01:40:07.489+0530 [INFO] [org.gradle.api.internal.file.collections.DirectoryFileTree] file or directory '/Users/hasanraza/Desktop/kotatsu/Nyora/nyora-android/app/src/debug/java', not found
2026-06-05T01:40:07.507+0530 [INFO] [org.gradle.api.internal.file.collections.DirectoryFileTree] file or directory '/Users/hasanraza/Desktop/kotatsu/Nyora/nyora-android/app/src/main/java', not found
2026-06-05T01:40:07.508+0530 [INFO] [org.gradle.api.internal.file.collections.DirectoryFileTree] file or directory '/Users/hasanraza/Desktop/kotatsu/Nyora/nyora-android/app/src/debug/java', not found
2026-06-05T01:40:07.510+0530 [INFO] [org.gradle.api.internal.file.collections.DirectoryFileTree] file or directory '/Users/hasanraza/Desktop/kotatsu/Nyora/nyora-android/app/src/debug/java', not found
2026-06-05T01:40:07.524+0530 [INFO] [org.gradle.api.internal.file.collections.DirectoryFileTree] file or directory '/Users/hasanraza/Desktop/kotatsu/Nyora/nyora-android/app/src/main/java', not found
2026-06-05T01:40:07.525+0530 [DEBUG] [org.gradle.internal.resources.AbstractTrackedResourceLock] Execution worker Thread 4: released lock on worker lease
2026-06-05T01:40:09.538+0530 [LIFECYCLE] [org.gradle.launcher.daemon.server.Daemon] 
2026-06-05T01:40:09.538+0530 [DEBUG] [org.gradle.launcher.daemon.server.Daemon] Starting periodic daemon health check.
2026-06-05T01:40:09.538+0530 [DEBUG] [org.gradle.cache.internal.DefaultFileLockManager] Waiting to acquire shared lock on daemon addresses registry.
2026-06-05T01:40:09.538+0530 [DEBUG] [org.gradle.cache.internal.DefaultFileLockManager] Lock acquired on daemon addresses registry.
2026-06-05T01:40:09.539+0530 [DEBUG] [org.gradle.cache.internal.DefaultFileLockManager] Releasing lock on daemon addresses registry.
2026-06-05T01:40:09.539+0530 [DEBUG] [org.gradle.cache.internal.DefaultFileLockManager] Waiting to acquire shared lock on daemon addresses registry.
2026-06-05T01:40:09.539+0530 [DEBUG] [org.gradle.cache.internal.DefaultFileLockManager] Lock acquired on daemon addresses registry.
2026-06-05T01:40:09.539+0530 [DEBUG] [org.gradle.cache.internal.DefaultFileLockManager] Releasing lock on daemon addresses registry.
2026-06-05T01:40:09.539+0530 [DEBUG] [org.gradle.launcher.daemon.server.Daemon] Finished periodic daemon health check.
2026-06-05T01:40:12.951+0530 [DEBUG] [org.gradle.internal.operations.DefaultBuildOperationRunner] Completing Build operation 'com.google.devtools.ksp.gradle.KspAAWorkerAction'
2026-06-05T01:40:12.951+0530 [DEBUG] [org.gradle.internal.operations.DefaultBuildOperationRunner] Build operation 'com.google.devtools.ksp.gradle.KspAAWorkerAction' completed
2026-06-05T01:40:12.951+0530 [DEBUG] [org.gradle.internal.resources.AbstractTrackedResourceLock] WorkerExecutor Queue: released lock on worker lease
2026-06-05T01:40:12.952+0530 [DEBUG] [org.gradle.internal.operations.DefaultBuildOperationRunner] Completing Build operation 'Execute execute for :app:kspDebugKotlin'
2026-06-05T01:40:12.952+0530 [DEBUG] [org.gradle.internal.operations.DefaultBuildOperationRunner] Completing Build operation 'Executing task ':app:kspDebugKotlin''
2026-06-05T01:40:12.952+0530 [DEBUG] [org.gradle.internal.operations.DefaultBuildOperationRunner] Build operation 'Snapshot outputs after executing task ':app:kspDebugKotlin'' started
2026-06-05T01:40:12.952+0530 [DEBUG] [org.gradle.internal.resources.AbstractTrackedResourceLock] included builds: acquired lock on worker lease
2026-06-05T01:40:12.953+0530 [DEBUG] [org.gradle.internal.resources.AbstractTrackedResourceLock] included builds: released lock on worker lease
2026-06-05T01:40:12.953+0530 [DEBUG] [org.gradle.internal.resources.AbstractTrackedResourceLock] Execution worker Thread 7: acquired lock on worker lease
2026-06-05T01:40:12.953+0530 [DEBUG] [org.gradle.internal.resources.AbstractTrackedResourceLock] Execution worker Thread 7: released lock on worker lease
2026-06-05T01:40:12.953+0530 [DEBUG] [org.gradle.internal.resources.AbstractTrackedResourceLock] Execution worker Thread 5: acquired lock on worker lease
2026-06-05T01:40:12.953+0530 [DEBUG] [org.gradle.internal.resources.AbstractTrackedResourceLock] Execution worker Thread 5: released lock on worker lease
2026-06-05T01:40:12.953+0530 [DEBUG] [org.gradle.internal.resources.AbstractTrackedResourceLock] Execution worker Thread 3: acquired lock on worker lease
2026-06-05T01:40:12.953+0530 [DEBUG] [org.gradle.internal.resources.AbstractTrackedResourceLock] Execution worker Thread 3: released lock on worker lease
2026-06-05T01:40:12.953+0530 [DEBUG] [org.gradle.internal.resources.AbstractTrackedResourceLock] Execution worker Thread 2: acquired lock on worker lease
2026-06-05T01:40:12.953+0530 [DEBUG] [org.gradle.internal.resources.AbstractTrackedResourceLock] Execution worker Thread 2: released lock on worker lease
2026-06-05T01:40:12.953+0530 [DEBUG] [org.gradle.internal.resources.AbstractTrackedResourceLock] Execution worker Thread 6: acquired lock on worker lease
2026-06-05T01:40:12.953+0530 [DEBUG] [org.gradle.internal.resources.AbstractTrackedResourceLock] Execution worker Thread 6: released lock on worker lease
2026-06-05T01:40:12.953+0530 [DEBUG] [org.gradle.internal.resources.AbstractTrackedResourceLock] Execution worker: acquired lock on worker lease
2026-06-05T01:40:12.953+0530 [DEBUG] [org.gradle.internal.resources.AbstractTrackedResourceLock] Execution worker: released lock on worker lease
2026-06-05T01:40:12.953+0530 [DEBUG] [org.gradle.cache.internal.btree.BTreePersistentIndexedCache] Opening cache fileHashes.bin (/Users/hasanraza/Desktop/kotatsu/Nyora/nyora-android/.gradle/9.3.1/fileHashes/fileHashes.bin)
2026-06-05T01:40:12.954+0530 [DEBUG] [org.gradle.internal.operations.DefaultBuildOperationRunner] Completing Build operation 'Snapshot outputs after executing task ':app:kspDebugKotlin''
2026-06-05T01:40:09.517+0530 [LIFECYCLE] [class org.gradle.internal.buildevents.TaskExecutionLogger] 
2026-06-05T01:40:09.517+0530 [LIFECYCLE] [class org.gradle.internal.buildevents.TaskExecutionLogger] > Task :app:kspDebugKotlin FAILED
2026-06-05T01:40:12.951+0530 [QUIET] [system.out] e: [ksp] java.lang.IllegalStateException: No property named value was found in annotation Query
2026-06-05T01:40:12.952+0530 [DEBUG] [org.gradle.internal.resources.AbstractTrackedResourceLock] Execution worker Thread 4: acquired lock on worker lease
2026-06-05T01:40:12.952+0530 [DEBUG] [org.gradle.internal.operations.DefaultBuildOperationRunner] Build operation 'Execute execute for :app:kspDebugKotlin' completed
2026-06-05T01:40:12.952+0530 [DEBUG] [org.gradle.internal.operations.DefaultBuildOperationRunner] Build operation 'Executing task ':app:kspDebugKotlin'' completed
2026-06-05T01:40:12.952+0530 [DEBUG] [org.gradle.internal.vfs.impl.AbstractVirtualFileSystem] Invalidating VFS paths: [/Users/hasanraza/Desktop/kotatsu/Nyora/nyora-android/app/build/intermediates/room/schemas/kspDebugKotlin, /Users/hasanraza/Desktop/kotatsu/Nyora/nyora-android/app/build/generated/ksp/debug/classes, /Users/hasanraza/Desktop/kotatsu/Nyora/nyora-android/app/build/generated/ksp/debug/java, /Users/hasanraza/Desktop/kotatsu/Nyora/nyora-android/app/build/generated/ksp/debug/kotlin, /Users/hasanraza/Desktop/kotatsu/Nyora/nyora-android/app/build/generated/ksp/debug/resources, /Users/hasanraza/Desktop/kotatsu/Nyora/nyora-android/app/build/kspCaches/debug]
2026-06-05T01:40:12.954+0530 [DEBUG] [org.gradle.internal.operations.DefaultBuildOperationRunner] Build operation 'Snapshot outputs after executing task ':app:kspDebugKotlin'' completed
2026-06-05T01:40:12.954+0530 [DEBUG] [org.gradle.internal.execution.steps.BuildCacheStep] Not storing result of task ':app:kspDebugKotlin' in cache because the execution failed
2026-06-05T01:40:12.955+0530 [DEBUG] [org.gradle.api.internal.tasks.execution.ResolveTaskExecutionModeExecuter] Removed task artifact state for task ':app:kspDebugKotlin' from context.
2026-06-05T01:40:12.955+0530 [DEBUG] [org.gradle.internal.operations.DefaultBuildOperationRunner] Completing Build operation 'Task :app:kspDebugKotlin'
2026-06-05T01:40:12.955+0530 [DEBUG] [org.gradle.internal.operations.DefaultBuildOperationRunner] Build operation 'Task :app:kspDebugKotlin' completed
2026-06-05T01:40:12.955+0530 [DEBUG] [org.gradle.execution.plan.DefaultFinalizedExecutionPlan] Node :app:kspDebugKotlin completed, executed: true
2026-06-05T01:40:12.955+0530 [DEBUG] [org.gradle.execution.plan.DefaultFinalizedExecutionPlan] Node :app:kspDebugKotlin failed
2026-06-05T01:40:12.955+0530 [INFO] [org.gradle.execution.plan.DefaultPlanExecutor] Resolve mutations for :app:copyRoomSchemas (Thread[#1691,Execution worker Thread 4,5,main]) started.
2026-06-05T01:40:12.955+0530 [DEBUG] [org.gradle.internal.operations.DefaultBuildOperationRunner] Build operation 'Resolve mutations for task :app:copyRoomSchemas' started
2026-06-05T01:40:12.955+0530 [DEBUG] [org.gradle.internal.resources.AbstractTrackedResourceLock] included builds: acquired lock on worker lease
2026-06-05T01:40:12.955+0530 [DEBUG] [org.gradle.internal.resources.AbstractTrackedResourceLock] included builds: released lock on worker lease
2026-06-05T01:40:12.956+0530 [DEBUG] [org.gradle.internal.resources.AbstractTrackedResourceLock] Execution worker: acquired lock on worker lease
2026-06-05T01:40:12.956+0530 [DEBUG] [org.gradle.internal.resources.AbstractTrackedResourceLock] Execution worker: released lock on worker lease
2026-06-05T01:40:12.956+0530 [DEBUG] [org.gradle.internal.operations.DefaultBuildOperationRunner] Completing Build operation 'Resolve mutations for task :app:copyRoomSchemas'
2026-06-05T01:40:12.956+0530 [DEBUG] [org.gradle.internal.operations.DefaultBuildOperationRunner] Build operation 'Resolve mutations for task :app:copyRoomSchemas' completed
2026-06-05T01:40:12.956+0530 [DEBUG] [org.gradle.internal.resources.AbstractTrackedResourceLock] Execution worker Thread 6: acquired lock on worker lease
2026-06-05T01:40:12.956+0530 [DEBUG] [org.gradle.internal.resources.AbstractTrackedResourceLock] Execution worker Thread 6: released lock on worker lease
2026-06-05T01:40:12.956+0530 [DEBUG] [org.gradle.internal.resources.AbstractTrackedResourceLock] Execution worker Thread 2: acquired lock on worker lease
2026-06-05T01:40:12.956+0530 [DEBUG] [org.gradle.internal.resources.AbstractTrackedResourceLock] Execution worker Thread 2: released lock on worker lease
2026-06-05T01:40:12.956+0530 [DEBUG] [org.gradle.internal.resources.AbstractTrackedResourceLock] Execution worker Thread 3: acquired lock on worker lease
2026-06-05T01:40:12.956+0530 [DEBUG] [org.gradle.internal.resources.AbstractTrackedResourceLock] Execution worker Thread 3: released lock on worker lease
2026-06-05T01:40:12.956+0530 [DEBUG] [org.gradle.internal.resources.AbstractTrackedResourceLock] Execution worker Thread 5: acquired lock on worker lease
2026-06-05T01:40:12.956+0530 [DEBUG] [org.gradle.internal.resources.AbstractTrackedResourceLock] Execution worker Thread 5: released lock on worker lease
2026-06-05T01:40:12.956+0530 [DEBUG] [org.gradle.internal.resources.AbstractTrackedResourceLock] Execution worker Thread 7: acquired lock on worker lease
2026-06-05T01:40:12.956+0530 [DEBUG] [org.gradle.internal.resources.AbstractTrackedResourceLock] Execution worker Thread 7: released lock on worker lease
2026-06-05T01:40:12.956+0530 [DEBUG] [org.gradle.execution.plan.DefaultFinalizedExecutionPlan] Node Resolve mutations for :app:copyRoomSchemas completed, executed: true
2026-06-05T01:40:12.956+0530 [DEBUG] [org.gradle.execution.plan.DefaultFinalizedExecutionPlan] Node Resolve mutations for :app:copyRoomSchemas finished executing
2026-06-05T01:40:12.956+0530 [INFO] [org.gradle.execution.plan.DefaultPlanExecutor] :app:copyRoomSchemas (Thread[#1691,Execution worker Thread 4,5,main]) started.
2026-06-05T01:40:12.956+0530 [DEBUG] [org.gradle.internal.operations.DefaultBuildOperationRunner] Build operation 'Task :app:copyRoomSchemas' started
2026-06-05T01:40:12.956+0530 [DEBUG] [org.gradle.internal.operations.DefaultBuildOperationRunner] Build operation 'Snapshot task inputs for :app:copyRoomSchemas' started
2026-06-05T01:40:12.957+0530 [DEBUG] [org.gradle.internal.operations.DefaultBuildOperationRunner] Completing Build operation 'Snapshot task inputs for :app:copyRoomSchemas'
2026-06-05T01:40:12.956+0530 [DEBUG] [org.gradle.internal.resources.AbstractTrackedResourceLock] included builds: acquired lock on worker lease
2026-06-05T01:40:12.957+0530 [DEBUG] [org.gradle.internal.resources.AbstractTrackedResourceLock] included builds: released lock on worker lease
2026-06-05T01:40:12.956+0530 [LIFECYCLE] [class org.gradle.internal.buildevents.TaskExecutionLogger] 
2026-06-05T01:40:12.956+0530 [LIFECYCLE] [class org.gradle.internal.buildevents.TaskExecutionLogger] > Task :app:copyRoomSchemas NO-SOURCE
2026-06-05T01:40:12.956+0530 [DEBUG] [org.gradle.api.internal.tasks.execution.ResolveTaskExecutionModeExecuter] Putting task artifact state for task ':app:copyRoomSchemas' into context took 0.0 secs.
2026-06-05T01:40:12.957+0530 [INFO] [org.gradle.internal.execution.steps.SkipEmptyIncrementalWorkStep] Skipping task ':app:copyRoomSchemas' as it has no source files and no previous output files.
2026-06-05T01:40:12.957+0530 [DEBUG] [org.gradle.internal.operations.DefaultBuildOperationRunner] Build operation 'Snapshot task inputs for :app:copyRoomSchemas' completed
2026-06-05T01:40:12.957+0530 [DEBUG] [org.gradle.api.internal.tasks.execution.ResolveTaskExecutionModeExecuter] Removed task artifact state for task ':app:copyRoomSchemas' from context.
2026-06-05T01:40:12.957+0530 [DEBUG] [org.gradle.internal.operations.DefaultBuildOperationRunner] Completing Build operation 'Task :app:copyRoomSchemas'
2026-06-05T01:40:12.957+0530 [DEBUG] [org.gradle.internal.operations.DefaultBuildOperationRunner] Build operation 'Task :app:copyRoomSchemas' completed
2026-06-05T01:40:12.957+0530 [DEBUG] [org.gradle.internal.resources.AbstractTrackedResourceLock] Execution worker Thread 7: acquired lock on worker lease
2026-06-05T01:40:12.957+0530 [DEBUG] [org.gradle.internal.resources.AbstractTrackedResourceLock] Execution worker Thread 7: released lock on worker lease
2026-06-05T01:40:12.957+0530 [DEBUG] [org.gradle.internal.resources.AbstractTrackedResourceLock] Execution worker Thread 5: acquired lock on worker lease
2026-06-05T01:40:12.957+0530 [DEBUG] [org.gradle.internal.resources.AbstractTrackedResourceLock] Execution worker Thread 5: released lock on worker lease
2026-06-05T01:40:12.957+0530 [DEBUG] [org.gradle.internal.resources.AbstractTrackedResourceLock] Execution worker Thread 3: acquired lock on worker lease
2026-06-05T01:40:12.957+0530 [DEBUG] [org.gradle.internal.resources.AbstractTrackedResourceLock] Execution worker Thread 3: released lock on worker lease
2026-06-05T01:40:12.957+0530 [DEBUG] [org.gradle.internal.resources.AbstractTrackedResourceLock] Execution worker Thread 2: acquired lock on worker lease
2026-06-05T01:40:12.957+0530 [DEBUG] [org.gradle.internal.resources.AbstractTrackedResourceLock] Execution worker Thread 2: released lock on worker lease
2026-06-05T01:40:12.957+0530 [DEBUG] [org.gradle.internal.resources.AbstractTrackedResourceLock] Execution worker Thread 6: acquired lock on worker lease
2026-06-05T01:40:12.957+0530 [DEBUG] [org.gradle.internal.resources.AbstractTrackedResourceLock] Execution worker Thread 6: released lock on worker lease
2026-06-05T01:40:12.957+0530 [DEBUG] [org.gradle.internal.resources.AbstractTrackedResourceLock] Execution worker: acquired lock on worker lease
2026-06-05T01:40:12.957+0530 [DEBUG] [org.gradle.internal.resources.AbstractTrackedResourceLock] Execution worker: released lock on worker lease
2026-06-05T01:40:12.957+0530 [DEBUG] [org.gradle.execution.plan.DefaultFinalizedExecutionPlan] Node :app:copyRoomSchemas completed, executed: true
2026-06-05T01:40:12.957+0530 [DEBUG] [org.gradle.execution.plan.DefaultFinalizedExecutionPlan] Node :app:copyRoomSchemas finished executing
2026-06-05T01:40:12.957+0530 [DEBUG] [org.gradle.internal.resources.AbstractTrackedResourceLock] Execution worker Thread 4: released lock on worker lease
2026-06-05T01:40:12.958+0530 [DEBUG] [org.gradle.internal.resources.AbstractTrackedResourceLock] included builds: acquired lock on worker lease
2026-06-05T01:40:12.958+0530 [DEBUG] [org.gradle.internal.operations.DefaultBuildOperationRunner] Completing Build operation 'Run tasks'
2026-06-05T01:40:12.958+0530 [DEBUG] [org.gradle.internal.operations.DefaultBuildOperationRunner] Build operation 'Run tasks' completed
2026-06-05T01:40:12.958+0530 [DEBUG] [org.gradle.internal.resources.AbstractTrackedResourceLock] included builds: released lock on worker lease
2026-06-05T01:40:12.958+0530 [DEBUG] [org.gradle.internal.resources.AbstractTrackedResourceLock] Execution worker: acquired lock on worker lease
2026-06-05T01:40:12.958+0530 [DEBUG] [org.gradle.internal.resources.AbstractTrackedResourceLock] Execution worker: released lock on worker lease
2026-06-05T01:40:12.958+0530 [DEBUG] [org.gradle.internal.resources.AbstractTrackedResourceLock] Daemon worker Thread 20: acquired lock on worker lease
2026-06-05T01:40:12.958+0530 [DEBUG] [org.gradle.internal.operations.DefaultBuildOperationRunner] Completing Build operation 'Run main tasks'
2026-06-05T01:40:12.958+0530 [DEBUG] [org.gradle.internal.operations.DefaultBuildOperationRunner] Build operation 'Run main tasks' completed
2026-06-05T01:40:12.958+0530 [DEBUG] [org.gradle.internal.operations.DefaultBuildOperationRunner] Build operation 'Finish root build tree' started
2026-06-05T01:40:12.958+0530 [DEBUG] [org.gradle.internal.resources.AbstractTrackedResourceLock] Execution worker Thread 6: acquired lock on worker lease
2026-06-05T01:40:12.958+0530 [DEBUG] [org.gradle.internal.resources.AbstractTrackedResourceLock] Execution worker Thread 6: released lock on worker lease
2026-06-05T01:40:12.958+0530 [DEBUG] [org.gradle.internal.resources.AbstractTrackedResourceLock] Execution worker Thread 2: acquired lock on worker lease
2026-06-05T01:40:12.958+0530 [DEBUG] [org.gradle.internal.resources.AbstractTrackedResourceLock] Execution worker Thread 2: released lock on worker lease
2026-06-05T01:40:12.958+0530 [DEBUG] [org.gradle.internal.resources.AbstractTrackedResourceLock] Execution worker Thread 3: acquired lock on worker lease
2026-06-05T01:40:12.959+0530 [DEBUG] [org.gradle.internal.resources.AbstractTrackedResourceLock] Execution worker Thread 3: released lock on worker lease
2026-06-05T01:40:12.959+0530 [DEBUG] [org.gradle.internal.resources.AbstractTrackedResourceLock] Execution worker Thread 5: acquired lock on worker lease
2026-06-05T01:40:12.959+0530 [DEBUG] [org.gradle.internal.resources.AbstractTrackedResourceLock] Execution worker Thread 5: released lock on worker lease
2026-06-05T01:40:12.959+0530 [DEBUG] [org.gradle.internal.resources.AbstractTrackedResourceLock] Execution worker Thread 7: acquired lock on worker lease
2026-06-05T01:40:12.959+0530 [DEBUG] [org.gradle.internal.resources.AbstractTrackedResourceLock] Execution worker Thread 7: released lock on worker lease
2026-06-05T01:40:12.959+0530 [DEBUG] [org.gradle.internal.resources.AbstractTrackedResourceLock] Execution worker Thread 4: acquired lock on worker lease
2026-06-05T01:40:12.959+0530 [DEBUG] [org.gradle.internal.resources.AbstractTrackedResourceLock] Execution worker Thread 4: released lock on worker lease
2026-06-05T01:40:12.959+0530 [DEBUG] [org.gradle.internal.resources.AbstractTrackedResourceLock] Daemon worker Thread 20: acquired lock on All projects of :
2026-06-05T01:40:12.960+0530 [DEBUG] [org.jetbrains.kotlin.gradle.plugin.statistics.FlowActionBuildFusService$Inject_] Executing [reportGlobalMetrics]
2026-06-05T01:40:12.960+0530 [DEBUG] [org.jetbrains.kotlin.gradle.plugin.statistics.FlowActionBuildFusService$Inject_] Executing [reportBuildFinish]
2026-06-05T01:40:12.961+0530 [DEBUG] [org.jetbrains.kotlin.gradle.plugin.statistics.KotlinBuildStatsLoggerService] Executing [class org.jetbrains.kotlin.gradle.plugin.statistics.KotlinBuildStatsLoggerService.initSessionLogger]
2026-06-05T01:40:12.961+0530 [DEBUG] [org.jetbrains.kotlin.gradle.plugin.statistics.KotlinBuildStatsLoggerService] Executing [class org.jetbrains.kotlin.gradle.plugin.statistics.KotlinBuildStatsLoggerService.reportBuildFinish]
2026-06-05T01:40:13.008+0530 [DEBUG] [org.gradle.internal.resources.AbstractTrackedResourceLock] Daemon worker Thread 20: released lock on All projects of :
2026-06-05T01:40:13.008+0530 [DEBUG] [org.gradle.internal.resources.AbstractTrackedResourceLock] Execution worker: acquired lock on worker lease
2026-06-05T01:40:13.008+0530 [DEBUG] [org.gradle.internal.resources.AbstractTrackedResourceLock] Execution worker: released lock on worker lease
2026-06-05T01:40:13.008+0530 [DEBUG] [org.jetbrains.kotlin.gradle.plugin.statistics.FlowActionBuildFusService$Inject_] [KOTLIN] Close FlowActionBuildFusService$Inject_
2026-06-05T01:40:13.008+0530 [DEBUG] [org.gradle.internal.resources.AbstractTrackedResourceLock] Execution worker Thread 4: acquired lock on worker lease
2026-06-05T01:40:13.008+0530 [DEBUG] [org.gradle.internal.resources.AbstractTrackedResourceLock] Execution worker Thread 4: released lock on worker lease
2026-06-05T01:40:13.008+0530 [DEBUG] [org.jetbrains.kotlin.gradle.plugin.statistics.FlowActionBuildFusService$Inject_] FlowActionBuildFusService$Inject_ 1289940789 is closed
2026-06-05T01:40:13.008+0530 [DEBUG] [org.gradle.internal.resources.AbstractTrackedResourceLock] Execution worker Thread 7: acquired lock on worker lease
2026-06-05T01:40:13.008+0530 [DEBUG] [org.gradle.internal.resources.AbstractTrackedResourceLock] Execution worker Thread 7: released lock on worker lease
2026-06-05T01:40:13.008+0530 [DEBUG] [org.gradle.internal.resources.AbstractTrackedResourceLock] Execution worker Thread 5: acquired lock on worker lease
2026-06-05T01:40:13.009+0530 [DEBUG] [org.gradle.internal.resources.AbstractTrackedResourceLock] Execution worker Thread 5: released lock on worker lease
2026-06-05T01:40:13.009+0530 [DEBUG] [org.gradle.internal.resources.AbstractTrackedResourceLock] Execution worker Thread 3: acquired lock on worker lease
2026-06-05T01:40:13.009+0530 [DEBUG] [org.gradle.internal.resources.AbstractTrackedResourceLock] Execution worker Thread 3: released lock on worker lease
2026-06-05T01:40:13.009+0530 [INFO] [org.jetbrains.kotlin.gradle.fus.BuildUidService$Inject_] Build faeb2823-9faf-4985-bc67-6a9dade9d179 is closed
2026-06-05T01:40:13.009+0530 [DEBUG] [org.gradle.internal.resources.AbstractTrackedResourceLock] Execution worker Thread 2: acquired lock on worker lease
2026-06-05T01:40:13.009+0530 [DEBUG] [org.gradle.internal.resources.AbstractTrackedResourceLock] Execution worker Thread 2: released lock on worker lease
2026-06-05T01:40:13.009+0530 [DEBUG] [org.gradle.internal.resources.AbstractTrackedResourceLock] Execution worker Thread 6: acquired lock on worker lease
2026-06-05T01:40:13.009+0530 [DEBUG] [org.gradle.internal.resources.AbstractTrackedResourceLock] Execution worker Thread 6: released lock on worker lease
2026-06-05T01:40:13.009+0530 [DEBUG] [org.gradle.internal.operations.DefaultBuildOperationRunner] Completing Build operation 'Finish root build tree'
2026-06-05T01:40:13.009+0530 [DEBUG] [org.gradle.internal.operations.DefaultBuildOperationRunner] Build operation 'Finish root build tree' completed
2026-06-05T01:40:13.010+0530 [ERROR] [org.gradle.internal.buildevents.BuildExceptionReporter] 
2026-06-05T01:40:13.010+0530 [ERROR] [org.gradle.internal.buildevents.BuildExceptionReporter] FAILURE: Build failed with an exception.
2026-06-05T01:40:13.010+0530 [ERROR] [org.gradle.internal.buildevents.BuildExceptionReporter] 
2026-06-05T01:40:13.010+0530 [ERROR] [org.gradle.internal.buildevents.BuildExceptionReporter] * What went wrong:
2026-06-05T01:40:13.010+0530 [ERROR] [org.gradle.internal.buildevents.BuildExceptionReporter] Execution failed for task ':app:kspDebugKotlin'.
2026-06-05T01:40:13.010+0530 [ERROR] [org.gradle.internal.buildevents.BuildExceptionReporter] > A failure occurred while executing com.google.devtools.ksp.gradle.KspAAWorkerAction
2026-06-05T01:40:13.010+0530 [ERROR] [org.gradle.internal.buildevents.BuildExceptionReporter]    > No property named value was found in annotation Query
2026-06-05T01:40:13.010+0530 [ERROR] [org.gradle.internal.buildevents.BuildExceptionReporter] 
2026-06-05T01:40:13.010+0530 [ERROR] [org.gradle.internal.buildevents.BuildExceptionReporter] * Try:
2026-06-05T01:40:13.010+0530 [ERROR] [org.gradle.internal.buildevents.BuildExceptionReporter] > Run with --stacktrace option to get the stack trace.
2026-06-05T01:40:13.010+0530 [ERROR] [org.gradle.internal.buildevents.BuildExceptionReporter] > Run with --scan to get full insights from a Build Scan (powered by Develocity).
2026-06-05T01:40:13.010+0530 [ERROR] [org.gradle.internal.buildevents.BuildExceptionReporter] > Get more help at https://help.gradle.org.
2026-06-05T01:40:13.011+0530 [ERROR] [org.gradle.internal.buildevents.BuildResultLogger] 
2026-06-05T01:40:13.011+0530 [ERROR] [org.gradle.internal.buildevents.BuildResultLogger] BUILD FAILED in 6s
2026-06-05T01:40:13.011+0530 [LIFECYCLE] [org.gradle.internal.buildevents.TaskExecutionStatisticsReporter] 25 actionable tasks: 1 executed, 24 up-to-date
2026-06-05T01:40:13.011+0530 [DEBUG] [org.gradle.internal.operations.DefaultBuildOperationRunner] Build operation 'Build finished for file system watching' started
2026-06-05T01:40:13.031+0530 [INFO] [org.gradle.internal.watch.registry.impl.HierarchicalFileWatcherUpdater] Watched directory hierarchies: [/Users/hasanraza/Desktop/kotatsu/Nyora/nyora-android]
2026-06-05T01:40:13.035+0530 [DEBUG] [org.gradle.internal.operations.DefaultBuildOperationRunner] Completing Build operation 'Build finished for file system watching'
2026-06-05T01:40:13.035+0530 [DEBUG] [org.gradle.internal.operations.DefaultBuildOperationRunner] Build operation 'Build finished for file system watching' completed
2026-06-05T01:40:13.036+0530 [WARN] [org.gradle.internal.cc.impl.problems.ConfigurationCacheProblems] Configuration cache entry reused.
2026-06-05T01:40:13.036+0530 [DEBUG] [org.gradle.cache.internal.LockOnDemandCrossProcessCacheAccess] Releasing file lock for cache directory md-supplier (/Users/hasanraza/.gradle/caches/9.3.1/md-supplier)
2026-06-05T01:40:13.036+0530 [DEBUG] [org.gradle.cache.internal.DefaultFileLockManager] Releasing lock on cache directory md-supplier (/Users/hasanraza/.gradle/caches/9.3.1/md-supplier).
2026-06-05T01:40:13.037+0530 [DEBUG] [org.gradle.cache.internal.LockOnDemandCrossProcessCacheAccess] Releasing file lock for Build Output Cleanup Cache (/Users/hasanraza/Desktop/kotatsu/Nyora/nyora-android/.gradle/buildOutputCleanup)
2026-06-05T01:40:13.037+0530 [DEBUG] [org.gradle.cache.internal.btree.BTreePersistentIndexedCache] Closing cache outputFiles.bin (/Users/hasanraza/Desktop/kotatsu/Nyora/nyora-android/.gradle/buildOutputCleanup/outputFiles.bin)
2026-06-05T01:40:13.037+0530 [DEBUG] [org.gradle.cache.internal.DefaultFileLockManager] Releasing lock on Build Output Cleanup Cache (/Users/hasanraza/Desktop/kotatsu/Nyora/nyora-android/.gradle/buildOutputCleanup).
2026-06-05T01:40:13.037+0530 [DEBUG] [org.gradle.cache.internal.LockOnDemandCrossProcessCacheAccess] Releasing file lock for execution history cache (/Users/hasanraza/Desktop/kotatsu/Nyora/nyora-android/.gradle/9.3.1/executionHistory)
2026-06-05T01:40:13.037+0530 [DEBUG] [org.gradle.cache.internal.btree.BTreePersistentIndexedCache] Closing cache executionHistory.bin (/Users/hasanraza/Desktop/kotatsu/Nyora/nyora-android/.gradle/9.3.1/executionHistory/executionHistory.bin)
2026-06-05T01:40:13.037+0530 [DEBUG] [org.gradle.cache.internal.DefaultFileLockManager] Releasing lock on execution history cache (/Users/hasanraza/Desktop/kotatsu/Nyora/nyora-android/.gradle/9.3.1/executionHistory).
2026-06-05T01:40:13.037+0530 [DEBUG] [org.gradle.cache.internal.LockOnDemandCrossProcessCacheAccess] Releasing file lock for Build cache (/Users/hasanraza/.gradle/caches/build-cache-1)
2026-06-05T01:40:13.037+0530 [DEBUG] [org.gradle.cache.internal.DefaultFileLockManager] Releasing lock on Build cache (/Users/hasanraza/.gradle/caches/build-cache-1).
2026-06-05T01:40:13.037+0530 [DEBUG] [org.gradle.cache.internal.DefaultCacheCleanupExecutor] Build cache (/Users/hasanraza/.gradle/caches/build-cache-1) has last been fully cleaned up 5 hours ago
2026-06-05T01:40:13.037+0530 [DEBUG] [org.gradle.cache.internal.DefaultCacheCleanupExecutor] Skipping cleanup for Build cache (/Users/hasanraza/.gradle/caches/build-cache-1) as it is not yet due
2026-06-05T01:40:13.038+0530 [DEBUG] [org.gradle.cache.internal.LockOnDemandCrossProcessCacheAccess] Releasing file lock for cache directory md-rule (/Users/hasanraza/.gradle/caches/9.3.1/md-rule)
2026-06-05T01:40:13.038+0530 [DEBUG] [org.gradle.cache.internal.DefaultFileLockManager] Releasing lock on cache directory md-rule (/Users/hasanraza/.gradle/caches/9.3.1/md-rule).
2026-06-05T01:40:13.039+0530 [DEBUG] [org.gradle.api.internal.artifacts.ivyservice.resolveengine.store.ResolutionResultsStoreFactory] Deleted 0 resolution results binary files in 0.0 secs
2026-06-05T01:40:13.039+0530 [DEBUG] [org.gradle.internal.operations.DefaultBuildOperationRunner] Completing Build operation 'Run build'
2026-06-05T01:40:13.039+0530 [DEBUG] [org.gradle.internal.operations.DefaultBuildOperationRunner] Build operation 'Run build' completed
2026-06-05T01:40:13.039+0530 [DEBUG] [org.gradle.internal.resources.AbstractTrackedResourceLock] Daemon worker Thread 20: released lock on worker lease
2026-06-05T01:40:13.042+0530 [DEBUG] [org.gradle.deployment.internal.DefaultDeploymentRegistry] Stopping 0 deployment handles
2026-06-05T01:40:13.042+0530 [DEBUG] [org.gradle.deployment.internal.DefaultDeploymentRegistry] Stopped deployment handles
2026-06-05T01:40:13.042+0530 [DEBUG] [org.gradle.cache.internal.LockOnDemandCrossProcessCacheAccess] Releasing file lock for Configuration Cache (/Users/hasanraza/Desktop/kotatsu/Nyora/nyora-android/.gradle/configuration-cache)
2026-06-05T01:40:13.042+0530 [DEBUG] [org.gradle.cache.internal.DefaultFileLockManager] Releasing lock on Configuration Cache (/Users/hasanraza/Desktop/kotatsu/Nyora/nyora-android/.gradle/configuration-cache).
2026-06-05T01:40:13.042+0530 [DEBUG] [org.gradle.cache.internal.DefaultCacheCleanupExecutor] Configuration Cache (/Users/hasanraza/Desktop/kotatsu/Nyora/nyora-android/.gradle/configuration-cache) has last been fully cleaned up 1 hours ago
2026-06-05T01:40:13.043+0530 [DEBUG] [org.gradle.cache.internal.DefaultCacheCleanupExecutor] Skipping cleanup for Configuration Cache (/Users/hasanraza/Desktop/kotatsu/Nyora/nyora-android/.gradle/configuration-cache) as it is not yet due
2026-06-05T01:40:13.043+0530 [DEBUG] [org.gradle.cache.internal.LockOnDemandCrossProcessCacheAccess] Releasing file lock for file hash cache (/Users/hasanraza/Desktop/kotatsu/Nyora/nyora-android/.gradle/9.3.1/fileHashes)
2026-06-05T01:40:13.043+0530 [DEBUG] [org.gradle.cache.internal.btree.BTreePersistentIndexedCache] Closing cache fileHashes.bin (/Users/hasanraza/Desktop/kotatsu/Nyora/nyora-android/.gradle/9.3.1/fileHashes/fileHashes.bin)
2026-06-05T01:40:13.043+0530 [DEBUG] [org.gradle.cache.internal.DefaultFileLockManager] Releasing lock on file hash cache (/Users/hasanraza/Desktop/kotatsu/Nyora/nyora-android/.gradle/9.3.1/fileHashes).
2026-06-05T01:40:13.044+0530 [DEBUG] [org.gradle.cache.internal.LockOnDemandCrossProcessCacheAccess] Releasing file lock for checksums cache (/Users/hasanraza/Desktop/kotatsu/Nyora/nyora-android/.gradle/9.3.1/checksums)
2026-06-05T01:40:13.044+0530 [DEBUG] [org.gradle.cache.internal.DefaultFileLockManager] Releasing lock on checksums cache (/Users/hasanraza/Desktop/kotatsu/Nyora/nyora-android/.gradle/9.3.1/checksums).
2026-06-05T01:40:13.044+0530 [DEBUG] [org.gradle.cache.internal.DefaultCacheCoordinator] Cache Compressed Files Expansion Cache (/Users/hasanraza/Desktop/kotatsu/Nyora/nyora-android/.gradle/9.3.1/expanded) was closed 0 times.
2026-06-05T01:40:13.044+0530 [DEBUG] [org.gradle.cache.internal.DefaultCacheCleanupExecutor] VCS Checkout Cache (/Users/hasanraza/Desktop/kotatsu/Nyora/nyora-android/.gradle/vcs-1) has last been fully cleaned up 1 hours ago
2026-06-05T01:40:13.044+0530 [DEBUG] [org.gradle.cache.internal.DefaultCacheCleanupExecutor] Skipping cleanup for VCS Checkout Cache (/Users/hasanraza/Desktop/kotatsu/Nyora/nyora-android/.gradle/vcs-1) as it is not yet due
2026-06-05T01:40:13.044+0530 [DEBUG] [org.gradle.cache.internal.DefaultCacheCoordinator] Cache VCS Checkout Cache (/Users/hasanraza/Desktop/kotatsu/Nyora/nyora-android/.gradle/vcs-1) was closed 0 times.
2026-06-05T01:40:13.045+0530 [DEBUG] [org.gradle.cache.internal.DefaultCacheCoordinator] Cache VCS metadata (/Users/hasanraza/Desktop/kotatsu/Nyora/nyora-android/.gradle/9.3.1/vcsMetadata) was closed 0 times.
2026-06-05T01:40:13.045+0530 [DEBUG] [org.gradle.internal.operations.DefaultBuildOperationRunner] Build operation 'Deleting unused version-specific caches in /Users/hasanraza/Desktop/kotatsu/Nyora/nyora-android/.gradle' started
2026-06-05T01:40:13.045+0530 [DEBUG] [org.gradle.internal.operations.DefaultBuildOperationRunner] Completing Build operation 'Deleting unused version-specific caches in /Users/hasanraza/Desktop/kotatsu/Nyora/nyora-android/.gradle'
2026-06-05T01:40:13.045+0530 [DEBUG] [org.gradle.internal.operations.DefaultBuildOperationRunner] Build operation 'Deleting unused version-specific caches in /Users/hasanraza/Desktop/kotatsu/Nyora/nyora-android/.gradle' completed
2026-06-05T01:40:13.055+0530 [DEBUG] [org.gradle.launcher.daemon.server.exec.ExecuteBuild] The daemon has finished executing the build.
2026-06-05T01:40:13.089+0530 [DEBUG] [org.gradle.launcher.daemon.client.DaemonClientConnection] thread 1: dispatching class org.gradle.launcher.daemon.protocol.CloseInput
2026-06-05T01:40:13.089+0530 [DEBUG] [org.gradle.launcher.daemon.client.DaemonClient] Received result Success[value=org.gradle.launcher.exec.BuildActionResult@3f390d63] from daemon DaemonInfo{pid=33480, address=[5a021aaa-d653-41ae-9074-f8817cda7abb port:59791, addresses:[/127.0.0.1]], state=Idle, lastBusy=1780603713022, context=DefaultDaemonContext[uid=809f2dd4-e369-452d-9afb-d2a13b40be79,javaHome=/Users/hasanraza/.gradle/jdks/oracle_corporation-21-aarch64-os_x.2/jdk-21.0.2.jdk/Contents/Home,javaVersion=21,javaVendor=Oracle Corporation,daemonRegistryDir=/Users/hasanraza/.gradle/daemon,pid=33480,idleTimeout=10800000,priority=NORMAL,applyInstrumentationAgent=true,nativeServicesMode=ENABLED,daemonOpts=-Xmx8192M,-Dfile.encoding=UTF-8,-Duser.country=US,-Duser.language=en,-Duser.variant]} (build should be done).
2026-06-05T01:40:13.089+0530 [DEBUG] [org.gradle.launcher.daemon.client.DaemonClientConnection] thread 1: dispatching class org.gradle.launcher.daemon.protocol.Finished
2026-06-05T01:40:13.089+0530 [DEBUG] [org.gradle.launcher.daemon.client.DaemonClientConnection] thread 1: connection stop
2026-06-05T01:40:13.093+0530 [DEBUG] [org.gradle.cache.internal.DefaultCacheCoordinator] Cache cache directory jvms (/Users/hasanraza/.gradle/caches/9.3.1/jvms) was closed 0 times.
2026-06-05T01:40:13.093+0530 [LIFECYCLE] [org.gradle.launcher.cli.DebugLoggerWarningAction] 
#############################################################################
   WARNING WARNING WARNING WARNING WARNING WARNING WARNING WARNING WARNING

   Debug level logging will leak security sensitive information!

   For more details, please refer to https://docs.gradle.org/9.3.1/userguide/logging.html#sec:debug_security in the Gradle documentation.
#############################################################################

